,scene,figure,ground,Baseline Model,Neural Net Classification,Supervised Distinct Model,OSF Sense Model
0,compsva12,box,book,0.5129832942704071,0.8910958766937256,0.5051917557901222,0.18510468039730146
1,compsva12,box,table,0.5453990276876944,0.9684933423995972,0.6045744103757948,0.2800316136555153
2,compsva12,box,pear,0.21291915495701694,-0.06741300225257874,0.0314142438987563,0.07029724879875238
3,compsva12,book,box,0.21506122855452256,0.11228974163532256,0.03048526034563061,0.1130802765725014
4,compsva12,book,table,0.6968093096260564,0.9690769910812378,0.8712692726668019,0.4571135103287373
5,compsva12,book,pear,0.20201000617614018,0.04640564322471618,0.03625029983460521,0.06394592012004427
6,compsva12,table,box,0.18150415845963336,-0.058743655681610114,0.027770526823405358,0.13969447039502614
7,compsva12,table,book,0.18544283061068134,-0.01822185516357422,0.030178304504166312,0.06394049903461713
8,compsva12,table,pear,0.18010866380969848,-0.11509308218955995,0.0284658159534242,0.06372746209344972
9,compsva12,pear,box,0.23003553573151556,0.5243859887123108,0.0426281810372304,0.13149052422956375
10,compsva12,pear,book,0.5378876322069512,1.1995887756347656,0.5643697402820326,0.31314687142475583
11,compsva12,pear,table,0.5409579120368341,0.6582788228988647,0.5910333524917772,0.2806020304673349
12,compsva13,balloon,book,0.19221377590266425,0.04536192119121552,0.05926248942193199,0.06585402855902425
13,compsva13,balloon,table,0.20654910636273968,-0.24910524487495425,0.06460471307441032,0.11909650901949385
14,compsva13,balloon,pear,0.19411877265577532,-0.005893602967262268,0.0596568217659721,0.0661293418046974
15,compsva13,book,balloon,0.17535288804273083,-0.005298405885696411,0.026592518089309708,0.09935181326697398
16,compsva13,book,table,0.6878322680591471,0.965229034423828,0.8734998968512403,0.4518524128230947
17,compsva13,book,pear,0.1836544944078507,-0.13059967756271362,0.029314629546293325,0.06396227688718592
18,compsva13,table,balloon,0.1758751414826761,0.011112108826637268,0.02778608462541632,0.0629537572019595
19,compsva13,table,book,0.1854232677214303,-0.018389344215393063,0.030174004751809112,0.06393850254761305
20,compsva13,table,pear,0.17959847430176093,-0.09565886855125427,0.028151745081429064,0.06364241729511383
21,compsva13,pear,balloon,0.1762255443530183,-0.0015045404434204102,0.02678846679261329,0.10013874675843697
22,compsva13,pear,book,0.5484174323835391,0.9583946466445924,0.5371915455382705,0.2889520213052619
23,compsva13,pear,table,0.534365418129035,0.8067474365234375,0.5636886866189654,0.2746532458269237
24,compsva14,box,book,0.19228672523372145,-0.06650114059448242,0.02658310525171572,0.06317322459282873
25,compsva14,box,table,0.15157790551544914,-0.3725660741329193,0.03093473710514145,0.09527861107286492
26,compsva14,book,box,0.6748608155227624,1.0883750915527344,0.5467438712647653,0.3300731551084789
27,compsva14,book,table,0.15409958569888202,0.0005885809659957888,0.037207736100319584,0.09938829428555107
28,compsva14,table,box,0.19491089267080486,-0.010198026895523071,0.05944969691196576,0.15001294822633712
29,compsva14,table,book,0.19758686272414516,0.05617992579936981,0.061567322200635564,0.0694862280863237
30,compsva15,balloon,book,0.20413197513333922,-0.0816546380519867,0.06347074928931708,0.06894335037095088
31,compsva15,balloon,table,0.20562820146578817,-0.027031272649765008,0.06458355675697479,0.11848784226367913
32,compsva15,balloon,pear,0.1984373416579726,-0.1868327260017395,0.06038386518112127,0.06684109014085607
33,compsva15,book,balloon,0.18741824484318056,-0.026103675365448,0.028185495619699324,0.11132996469609292
34,compsva15,book,table,0.6878308943262349,0.9652111530303956,0.8734787029831123,0.4518487777671248
35,compsva15,book,pear,0.18365435787153764,-0.1305994689464569,0.029314616855563,0.0639622661329471
36,compsva15,table,balloon,0.17359149581861297,0.004450991749763489,0.0264987627164291,0.06245977482057219
37,compsva15,table,book,0.18542428000229175,-0.01836839318275452,0.03017410304145885,0.06393858101932362
38,compsva15,table,pear,0.17959840038170788,-0.09565868973731996,0.028151738513621363,0.06364241131751393
39,compsva15,pear,balloon,0.1801773006662851,-0.0141068696975708,0.028035523631296484,0.10418279002023972
40,compsva15,pear,book,0.5501886369772173,0.9547905921936036,0.5389467393928774,0.2899629570219398
41,compsva15,pear,table,0.530771354753592,0.8006566762924194,0.5596617534185181,0.27206645736341384
42,compsva23,balloon,box,0.21240338650151,-0.3968985378742218,0.06620512125125214,0.16347602633047914
43,compsva23,balloon,book,0.2041116933700163,-0.08151304721832275,0.06346217093940368,0.06893762956362959
44,compsva23,balloon,table,0.2056281695772664,-0.027030855417251587,0.06458355064330269,0.11848783082177343
45,compsva23,box,balloon,0.18958070133188015,-0.0395386815071106,0.028723716655147825,0.11197790499069857
46,compsva23,box,book,0.5291034925613065,0.8863248825073242,0.5179802201254612,0.18565551270635275
47,compsva23,box,table,0.5428201222479474,0.9769788980484008,0.6003686407236354,0.2777657610914733
48,compsva23,book,balloon,0.18748532067551443,-0.025256991386413567,0.02818885665351565,0.1113594711971178
49,compsva23,book,box,0.22126225884219441,0.13358473777770996,0.032423589214236506,0.1174502965255493
50,compsva23,book,table,0.6867925251874661,0.9514365196228028,0.8420362258880277,0.4471744939312162
51,compsva23,table,balloon,0.17359135919820634,0.004453212022781372,0.026498744378916483,0.062459765651147574
52,compsva23,table,box,0.18144831391714497,-0.05888986587524414,0.027707967519717682,0.1396514897060239
53,compsva23,table,book,0.18544660442607636,-0.017951607704162598,0.030177097422172013,0.06394000936992872
54,compsva24,picture,bin,0.4497122840135063,0.7793104648590088,0.4305242789706456,0.28881824090101643
55,compsva24,picture,table,0.2089719402061202,0.44189000129699707,0.04264442135080786,0.14005210993969705
56,compsva24,bin,picture,0.2289432387270865,0.07135288417339325,0.1469183148997893,0.06256722846119983
57,compsva24,bin,table,0.16716748627756,0.04605984687805177,0.04014903263921292,0.108572152272026
58,compsva24,table,picture,0.20758064551791014,-0.1261056363582611,0.06249476274335724,0.07015172797531455
59,compsva24,table,bin,0.20257412747663336,0.00212155282497406,0.06182174572139117,0.1559109482324969
60,compsva25,picture,bin,0.4683101735386916,0.8340426683425903,0.10321673330865924,0.2999889578303761
61,compsva25,picture,table,0.223012024232941,0.15361838042736053,0.03867411082407125,0.13374970344326248
62,compsva25,bin,picture,0.2269911497194883,-0.20992067456245425,0.16123865348255711,0.060810066138939925
63,compsva25,bin,table,0.21521420671681885,0.2317453473806381,0.03701971456135506,0.12611538136244393
64,compsva25,table,picture,0.20267883681295756,-0.15229547023773193,0.06126739173039486,0.06830842098296865
65,compsva25,table,bin,0.20376005876348302,-0.048601120710372925,0.060879575772530524,0.15682369890690198
66,compsva34,balloon,bin,0.20089590113044578,0.0273650586605072,0.06371655908497778,0.15461930322213868
67,compsva34,balloon,table,0.2107756155682251,0.07943454384803772,0.0657363519706633,0.1240202642028503
68,compsva34,bin,balloon,0.18425515469469883,-0.1298670768737793,0.027760866944186988,0.10711722142490213
69,compsva34,bin,table,0.1591910549532202,-0.1880634427070617,0.0372205687525604,0.10365636567957054
70,compsva34,table,balloon,0.18006326248714338,-0.04498538374900818,0.02673027979443029,0.06318164403034088
71,compsva34,table,bin,0.21274819761166835,0.13436605036258698,0.06212360481208672,0.16374140981165491
72,compsvi12,pencil,cup,0.624018367409401,0.4377161860466003,0.33677150718228177,0.3164296376920168
73,compsvi12,pencil,table,0.5409762247535215,0.5747727155685425,0.562538538007908,0.2788844061165307
74,compsvi12,pencil,cube,0.23015898048117767,-0.2580410838127136,0.06230500107183652,0.06964232346727818
75,compsvi12,cup,pencil,0.22923294222979299,0.2058415561914444,0.039714795274404815,0.06870982637090291
76,compsvi12,cup,table,0.6012111259515768,0.8000136613845825,0.5867882929770123,0.31814573731940465
77,compsvi12,cup,cube,0.24383220565054306,0.1534607708454132,0.03675998591089247,0.07149131585198351
78,compsvi12,table,pencil,0.1797394114450935,-0.13934731483459473,0.028824427244209787,0.06376010338996313
79,compsvi12,table,cup,0.18093476230182676,-0.2112032175064087,0.029029097743013026,0.13925623528578787
80,compsvi12,table,cube,0.1804956256891148,-0.18836641311645508,0.028915141213877418,0.06384566478647516
81,compsvi12,cube,pencil,0.21842929805084735,0.4633517861366272,0.034116519231206566,0.13211828210130566
82,compsvi12,cube,cup,0.3554146628484348,0.4830199480056762,0.2328674790566249,0.18623661281313328
83,compsvi12,cube,table,0.7310827652638437,0.8435370922088623,0.5858658259823711,0.4271417704605832
84,compsvi13,table,pencil (1),0.18029897241011109,-0.19123885035514832,0.028754082064163283,0.06380944311850982
85,compsvi13,table,pencil,0.18418786509438637,-0.01887783408164978,0.0309658101927332,0.06402581709914985
86,compsvi13,table,mug,0.1847734502451377,-0.061899036169052124,0.03092437630273872,0.14221067712229188
87,compsvi13,pencil (1),table,0.5429455273673314,0.8136584758758545,0.5813024056370354,0.2780889860922598
88,compsvi13,pencil (1),pencil,0.22443683806748116,-0.07159459590911865,0.03459628749077033,0.06868920226120467
89,compsvi13,pencil (1),mug,0.5270853526235426,0.2356418818235397,0.1817542515198144,0.2645880285221812
90,compsvi13,pencil,table,0.6731558628279085,0.7511087656021118,0.6015667739658382,0.36253635196811657
91,compsvi13,pencil,pencil (1),0.21853915218119546,0.2788119316101074,0.04087899211077338,0.12849307701281135
92,compsvi13,pencil,mug,0.4543420558770734,0.43331319093704224,0.06434925508117165,0.2661081291577686
93,compsvi13,mug,table,0.7176736196842016,0.8624742031097412,0.61103664318675,0.41024877039924895
94,compsvi13,mug,pencil (1),0.2068908741374606,-0.05506119132041931,0.04187730675516997,0.061757990553011274
95,compsvi13,mug,pencil,0.21531170989234547,0.09427784383296968,0.03539031540391172,0.06817028529386472
96,compsvi14,bowl,ball,0.22154278054603543,0.16196711361408234,0.04097605659751021,0.06280080242505999
97,compsvi14,bowl,table,0.6310837773379834,0.7782078981399536,0.6094048958802962,0.3341846113674936
98,compsvi14,bowl,pencil,0.19700906975721302,-0.04603132605552673,0.02977391794044149,0.06363961775434497
99,compsvi14,ball,bowl,0.28042871992393903,0.3700680732727051,0.2294701410525068,0.14463648035684834
100,compsvi14,ball,table,0.5547290467347844,0.7187402248382568,0.5846862636399546,0.2843315390258331
101,compsvi14,ball,pencil,0.21540303493053015,0.09340865910053253,0.033182705236814485,0.06471142789885123
102,compsvi14,table,bowl,0.18482000730470927,-0.047805190086364746,0.031049979567594376,0.14224650971056532
103,compsvi14,table,ball,0.18911638298391883,0.05628359317779541,0.03358939876570638,0.06432293027796916
104,compsvi14,table,pencil,0.18002125573646335,-0.10576122999191284,0.02873009468439145,0.06374476934689431
105,compsvi14,pencil,bowl,0.7086106407984409,0.8954408168792725,0.4700163387876554,0.4202099703873363
106,compsvi14,pencil,ball,0.21106068193472582,0.2482144236564636,0.04046755089257634,0.11790242407165175
107,compsvi14,pencil,table,0.5410526182820298,0.7197991609573364,0.5811952174200532,0.2753799225388293
108,compsvi14a,bowl,cube,0.19863926787992084,0.049381375312805176,0.03528356954787995,0.06425715545285776
109,compsvi14a,bowl,table,0.6295662005625265,0.8023779392242432,0.6080692766683217,0.33399669795188913
110,compsvi14a,bowl,pear,0.20973478088671882,0.04835264384746552,0.03427083231878325,0.06360893257820413
111,compsvi14a,cube,bowl,0.6242171813388067,0.8571890592575073,0.3244936889525191,0.29288586762855023
112,compsvi14a,cube,table,0.5457419998180862,0.7818006277084351,0.5874383120679706,0.2792551593721188
113,compsvi14a,cube,pear,0.3393717601760571,0.637160062789917,0.048478805835764506,0.21021117131716785
114,compsvi14a,table,bowl,0.18485351343058867,-0.05247846245765686,0.031071812078106907,0.14227229766247473
115,compsvi14a,table,cube,0.1799331503991559,-0.15775629878044128,0.028802749931631063,0.0637836797999089
116,compsvi14a,table,pear,0.1801669166641511,-0.16499152779579165,0.028820095498968967,0.06379779300143854
117,compsvi14a,pear,bowl,0.7820539172693548,0.4737794995307922,0.5422684006333178,0.4113719719321417
118,compsvi14a,pear,cube,0.5319060306517659,0.7888882160186768,0.4287375486734506,0.1378125029125359
119,compsvi14a,pear,table,0.5427462124165784,0.7230032682418823,0.5818682126864513,0.2767744618211322
120,compsvi15,jar,pencil,0.18717690024534558,-0.04334673285484314,0.02950569904328018,0.063720621330395
121,compsvi15,jar,table,0.7138921450417537,1.0336863994598389,0.8757840478502866,0.4684634059027972
122,compsvi15,jar,box,0.2347200458336401,-0.010183289647102356,0.03893734300333133,0.12573697654038613
123,compsvi15,jar,pear,0.19685745247396227,-0.058195888996124275,0.035782035905722966,0.11168737265790628
124,compsvi15,pencil,jar,0.3835149547709628,-0.0016051828861236572,0.7582531656447707,0.1922949857493973
125,compsvi15,pencil,table,0.5367446189601902,0.5159509181976318,0.5702848305535714,0.2739321119795025
126,compsvi15,pencil,box,0.22968398260184308,0.08014661073684692,0.17839736362895053,0.12112906325581875
127,compsvi15,pencil,pear,0.19852134304241056,0.016697287559509274,0.03639842937822985,0.11333633676113335
128,compsvi15,table,jar,0.1850626663755342,-0.03593870997428894,0.030708808429273208,0.14243327199013578
129,compsvi15,table,pencil,0.17855565601621134,-0.023283004760742188,0.02808000008704953,0.0635093958620251
130,compsvi15,table,box,0.18555156782455953,-0.015686526894569397,0.029955714908183138,0.14280955443774782
131,compsvi15,table,pear,0.1876320201744485,0.12449205666780473,0.03150808671341958,0.06387476208931221
132,compsvi15,box,jar,0.2110175721329595,0.2167980968952179,0.038212236835248915,0.1624094358681811
133,compsvi15,box,pencil,0.18676244733268793,-0.0333806574344635,0.029269451688180258,0.06384003996438313
134,compsvi15,box,table,0.719747813768973,0.9367121458053588,0.5951243657632549,0.4332023966195659
135,compsvi15,box,pear,0.203728591939167,0.1907852590084076,0.03923895514375512,0.06392700168155806
136,compsvi15,pear,jar,0.22073096013597845,0.06313733756542206,0.035208868008127316,0.16988533396516553
137,compsvi15,pear,pencil,0.20101824719172748,0.042941480875015266,0.031146647310740988,0.06580900315407866
138,compsvi15,pear,table,0.5427031589101944,1.0027942657470703,0.5864651956647323,0.2775715873162588
139,compsvi15,pear,box,0.12425661037115299,-0.39005401730537415,0.12626337315173078,0.08646903250649075
140,compsvi16,table,bowl,0.18476507068965206,-0.07255092263221741,0.031140530573668845,0.1422042278068842
141,compsvi16,table,pear,0.18899657971538344,0.03585842251777649,0.03342282786177827,0.06431070407271773
142,compsvi16,table,pencil,0.1798857975553581,-0.15865245461463928,0.02890159508048605,0.06378154541823708
143,compsvi16,bowl,table,0.6238723831193393,0.7787178754806519,0.5978275245390844,0.32862592868471924
144,compsvi16,bowl,pear,0.20479938284233054,0.0789748877286911,0.037810483050913855,0.0626617297137134
145,compsvi16,bowl,pencil,0.20479944209874165,0.013490930199623108,0.03589464202186023,0.06351834625206675
146,compsvi16,pear,table,0.613873852515651,0.7511922121047974,0.6085219421905186,0.3232567767116418
147,compsvi16,pear,bowl,0.24135837162510687,-0.009002760052680971,0.03745794326368403,0.13804899948710905
148,compsvi16,pear,pencil,0.21120113088247522,0.11313751339912415,0.03789603440204038,0.12120027390361154
149,compsvi16,pencil,table,0.5450639482207745,0.7449802160263062,0.5769940863499641,0.27816702702170915
150,compsvi16,pencil,bowl,0.7518194771942155,0.6095351576805115,0.4180836469828253,0.3925882707447633
151,compsvi16,pencil,pear,0.20758395968732926,0.02991083264350891,0.03809613919056603,0.06306091170788382
152,compsvi23,table,box,0.21149460943885362,0.17053690552711487,0.06170219858634855,0.16277658709144285
153,compsvi23,table,box (1),0.2001489241730276,0.1313498318195343,0.06178366417960982,0.15404439325120806
154,compsvi23,box,table,0.315472330701735,0.13436897099018094,0.2423775755940598,0.2055537018088712
155,compsvi23,box,box (1),0.18605380862407547,0.2143607884645462,0.028449464792893838,0.11571748632484387
156,compsvi23,box (1),table,0.15284339780500214,-0.01067712903022766,0.036683942731467294,0.09823116120357936
157,compsvi23,box (1),box,0.1782792496876018,0.08377747237682343,0.030250493494887887,0.13721242300391134
158,compsvi24,cup,table,0.6462604124732607,0.7373188734054565,0.5827701860948634,0.34457510322930124
159,compsvi24,cup,cube,0.22973017192085626,0.02402910590171814,0.035986169857705134,0.06885936308507533
160,compsvi24,cup,pencil,0.1962700024621022,-0.06924015283584595,0.029322151740276463,0.0631932087979279
161,compsvi24,table,cup,0.18130757384729648,-0.2170812487602234,0.029069146695695505,0.1395431692703507
162,compsvi24,table,cube,0.18444764899120766,-0.056318312883377075,0.031064830660729712,0.06406756418506353
163,compsvi24,table,pencil,0.17867313308973595,-0.024165987968444824,0.028612952919976863,0.06356960923654577
164,compsvi24,cube,cup,0.3383527679090989,0.3331414461135864,0.049823756367118936,0.17556751554579075
165,compsvi24,cube,table,0.7300553502440037,0.8470723628997803,0.5715652990951763,0.4186429592552836
166,compsvi24,cube,pencil,0.1899480458926026,0.017128601670265198,0.02915837795908087,0.11400207223295515
167,compsvi24,pencil,cup,0.5655304894224907,0.976047158241272,0.4561105828208556,0.3762636133054195
168,compsvi24,pencil,table,0.5323076910544001,0.4932511150836945,0.5446001122837818,0.26847229269330475
169,compsvi24,pencil,cube,0.21671114955543203,-0.26273614168167114,0.06175508156196038,0.06962403696262645
170,compsvi24a,pear,cup,0.6194509904660606,0.8002002239227295,0.4560746470671013,0.4767597546150762
171,compsvi24a,pear,table,0.5283477470721297,0.6094448566436768,0.5565520047201125,0.2661800176827976
172,compsvi24a,pear,cube,0.22672498113027398,-0.007654681801795958,0.06635171873878988,0.07790215672298784
173,compsvi24a,cup,pear,0.2223106300160209,0.13824006915092468,0.0341009770767328,0.14366452504346902
174,compsvi24a,cup,table,0.6462790827164202,0.7377505302429199,0.5829433138737898,0.344588613395791
175,compsvi24a,cup,cube,0.21295279246810891,-0.18514502048492432,0.0338911921995291,0.06864423565725186
176,compsvi24a,table,pear,0.17996207385889576,-0.061404317617416375,0.02864805519443845,0.06370115833405637
177,compsvi24a,table,cup,0.1816140503579604,-0.21750041842460632,0.029096630310056475,0.13977904857035714
178,compsvi24a,table,cube,0.17991229149592194,-0.17817261815071106,0.028840870155124237,0.0637949135471508
179,compsvi24a,cube,pear,0.21537063436779882,0.6474347114562988,0.03002628076269092,0.13809230527807653
180,compsvi24a,cube,cup,0.3037457146691626,0.6211990118026733,0.2334720173942313,0.16728731872873034
181,compsvi24a,cube,table,0.6578232899431907,0.7575250864028931,0.6070702799485758,0.3551906333433537
182,compsvi25,jar,pencil,0.1874617176905247,-0.037045419216156006,0.029539035334204575,0.06375496530038875
183,compsvi25,jar,table,0.7139721136739418,0.9823704957962036,0.8295674394478187,0.46006191726866497
184,compsvi25,jar,box,0.2380368952256571,-0.0023235827684402466,0.039279875980461516,0.12698915219745893
185,compsvi25,jar,pencil (1),0.19295796132547274,-0.05299639701843262,0.03252363673484917,0.06253597063240908
186,compsvi25,pencil,jar,0.7142625753196306,0.6073299646377563,0.6820421227721767,0.3389288489931215
187,compsvi25,pencil,table,0.5379730796042771,0.4711997509002686,0.5714476057261464,0.27528479863984634
188,compsvi25,pencil,box,0.24348851179433476,0.1754494458436966,0.19372843007694412,0.12856723008306525
189,compsvi25,pencil,pencil (1),0.47128404259305046,0.7454818487167358,0.4366028862727236,0.2248565708124972
190,compsvi25,table,jar,0.18501867261268184,-0.035750716924667365,0.030706581597708362,0.14239941224028488
191,compsvi25,table,pencil,0.178564887879256,-0.02332824468612671,0.028086691548152968,0.06351160163065155
192,compsvi25,table,box,0.1811649663476189,-0.0525687038898468,0.02792132981149402,0.1394334115694204
193,compsvi25,table,pencil (1),0.17788038715628943,-0.04281929135322572,0.02673553511165578,0.06316761248279179
194,compsvi25,box,jar,0.20824818358686684,0.2073356807231903,0.03787203513206132,0.16027797910406236
195,compsvi25,box,pencil,0.1871501324473934,-0.028413295745849613,0.0292974844381506,0.06390867823334824
196,compsvi25,box,table,0.7326289146706685,0.8354883193969727,0.6080487304386608,0.4337263270856773
197,compsvi25,box,pencil (1),0.20250752596327093,0.06591279804706572,0.03486303372864793,0.06410897476580124
198,compsvi25,pencil (1),jar,0.4339641316032284,0.5484806299209595,0.3818932844879941,0.2706765414165733
199,compsvi25,pencil (1),pencil,0.37093338464361464,0.7683743238449097,0.3211759082187773,0.11661754830434125
200,compsvi25,pencil (1),table,0.5260684775377552,0.7798933982849121,0.5458891173152801,0.2666807374380093
201,compsvi25,pencil (1),box,0.4957396040668225,0.8899775743484497,0.397193306721444,0.3135686386339421
202,compsvi26,cup,table,0.6462540715607301,0.7372617721557617,0.5827279955753178,0.34456372575377325
203,compsvi26,cup,cube,0.22827505431059789,0.03370530903339386,0.035978052768389016,0.06883409622117648
204,compsvi26,cup,pencil,0.20346216097870623,-0.2299029231071472,0.061008700009431725,0.06714693168551474
205,compsvi26,table,cup,0.1848983892593796,-0.08548733592033386,0.031210530346752287,0.1423068362933782
206,compsvi26,table,cube,0.18434679113303865,-0.05227696895599365,0.031045835992978537,0.06405761226381106
207,compsvi26,table,pencil,0.18494511580146225,-0.03128492832183838,0.030715920285106783,0.06403617094418597
208,compsvi26,cube,cup,0.3463687831784766,0.5027623176574707,0.050900662952907634,0.17830114030464553
209,compsvi26,cube,table,0.7389472489970063,0.8536645174026489,0.5733311195447406,0.42426376949065214
210,compsvi26,cube,pencil,0.20325736590125482,-0.05620363354682922,0.0606985063449427,0.06678721878459483
211,compsvi26,pencil,cup,0.19799557452738337,-0.01695951819419861,0.036175995672518765,0.11662077932405952
212,compsvi26,pencil,table,0.44675529604362396,1.2721599340438845,0.3762470524466573,0.28053722479934884
213,compsvi26,pencil,cube,0.19645611859928303,-0.11718812584877016,0.03610360368681067,0.11121642002999814
214,compsvi26a,lamp,pencil,0.23026330240692006,0.2522662281990051,0.06406010287964252,0.07161565963261904
215,compsvi26a,lamp,bowl,0.2156631864110814,0.2714744210243225,0.03002343212149565,0.16598492764616227
216,compsvi26a,lamp,table,0.5698169269048466,0.8358587026596069,0.5691570573150094,0.289548205498789
217,compsvi26a,pencil,lamp,0.317991508220095,0.8654208183288574,0.0545279022477655,0.20966463480401384
218,compsvi26a,pencil,bowl,0.20092959131856813,0.08991928398609161,0.034990294779649225,0.11885345370915773
219,compsvi26a,pencil,table,0.5315044760606441,0.9476550817489624,0.5808898140131538,0.2705456305232439
220,compsvi26a,bowl,lamp,0.19144051583173907,0.13606064021587372,0.03313125892758733,0.10630767794887208
221,compsvi26a,bowl,pencil,0.1933021672229935,0.10507002472877502,0.0312996564287015,0.06355362571471705
222,compsvi26a,bowl,table,0.6285842286532566,0.7971537113189697,0.6035132290280911,0.336142249588854
223,compsvi26a,table,lamp,0.19151440187975943,0.27189019322395325,0.03330454439066867,0.06395522328404787
224,compsvi26a,table,pencil,0.17803970088785107,-0.027387559413909912,0.027407056658097853,0.06330417709316828
225,compsvi26a,table,bowl,0.18480004966730276,-0.061204493045806885,0.031096880484633868,0.14223114933749456
226,compsvi3,table,pencil,0.1842078598806522,-0.019838780164718628,0.030970572142137987,0.06402829527778307
227,compsvi3,table,pear,0.18467623764919852,-0.05721849203109741,0.03063877494170868,0.06402952166570708
228,compsvi3,table,mug,0.18478173370485534,-0.06306824088096619,0.030929125218991414,0.14221705247770036
229,compsvi3,pencil,table,0.6793473255821997,0.7701183557510376,0.6011437584188452,0.3654609033050079
230,compsvi3,pencil,pear,0.19970339651752242,-0.05263364315032959,0.03711183846338178,0.11406899607256428
231,compsvi3,pencil,mug,0.4570332170218723,0.4268198609352112,0.06377847102213736,0.2675818375356046
232,compsvi3,pear,table,0.6051101953235393,0.7689447402954102,0.6154596530586202,0.3219251015436377
233,compsvi3,pear,pencil,0.20494235593042628,-0.007754042744636536,0.03311663062373429,0.06621792624080658
234,compsvi3,pear,mug,0.22692069613751326,0.17126557230949402,0.04001850509895268,0.13093539519645048
235,compsvi3,mug,table,0.7099763530334962,0.906198501586914,0.6034431293700879,0.4082875927004056
236,compsvi3,mug,pencil,0.21280656205346318,0.11595094203948975,0.03534130943658982,0.06758740033400934
237,compsvi3,mug,pear,0.21781776255140994,-0.019482880830764767,0.03743735524185415,0.06448648847562756
238,compsvi34,table,pencil (1),0.17953332205895686,-0.0725230872631073,0.028533732675143083,0.06367394758085536
239,compsvi34,table,pencil,0.1842430576928801,-0.01860490441322327,0.030970428093110274,0.06402985486132268
240,compsvi34,table,mug,0.18478242623446792,-0.06253883242607118,0.03092609795009765,0.14221758548233387
241,compsvi34,pencil (1),table,0.5368861704159738,0.6551386713981628,0.5734643287559461,0.27284726968657264
242,compsvi34,pencil (1),pencil,0.20770204787126756,-0.5481393337249756,0.06260962842159104,0.11836381908961625
243,compsvi34,pencil (1),mug,0.5518868633494863,0.98008930683136,0.516583949112298,0.3708180998068457
244,compsvi34,pencil,table,0.7007833654042328,0.7446297407150269,0.5920556765086488,0.3823007418001867
245,compsvi34,pencil,pencil (1),0.1915458785045168,-0.04781743884086609,0.02911872536647973,0.062554180746027
246,compsvi34,pencil,mug,0.4582248972206786,0.4942304790019989,0.06383905865761184,0.269083863719794
247,compsvi34,mug,table,0.7126741035239561,0.7965977191925049,0.6092648024328643,0.4024904980378455
248,compsvi34,mug,pencil (1),0.1950845463540011,-0.05883315205574036,0.029424271895839838,0.06377557838844862
249,compsvi34,mug,pencil,0.21335826900945823,0.10811882466077803,0.0354055091721824,0.06760805541565776
250,compsvi36,table,pencil,0.18420785664754055,-0.019838511943817142,0.03097057151803138,0.06402829534080401
251,compsvi36,table,pear,0.184676065515789,-0.0572180449962616,0.03063875739132368,0.06402950843589042
252,compsvi36,table,mug,0.18478048104502257,-0.06306558847427368,0.030928995509812013,0.14221608836947597
253,compsvi36,pencil,table,0.67925832830956,0.7703858613967896,0.6011641920353349,0.365431446596474
254,compsvi36,pencil,pear,0.19970187167104525,-0.05264073610305786,0.037111634459256436,0.11406782344882767
255,compsvi36,pencil,mug,0.4570445350156324,0.42661961913108826,0.0637776406865715,0.26758960343350746
256,compsvi36,pear,table,0.6049984383560785,0.76800537109375,0.6159300775580291,0.3218779908793889
257,compsvi36,pear,pencil,0.20494235593042628,-0.007754042744636536,0.03311663062373429,0.06621792624080658
258,compsvi36,pear,mug,0.22686946268369196,0.1701872944831848,0.04000990784166659,0.13090401029677134
259,compsvi36,mug,table,0.7086053982358934,0.9043151140213012,0.6038855460330647,0.4077674148945202
260,compsvi36,mug,pencil,0.2128064434272167,0.1159583032131195,0.03534127756021065,0.06758741761583488
261,compsvi36,mug,pear,0.21780080286127007,-0.02021700143814087,0.03743532129262152,0.06448267797439236
262,compsvi45,table,pencil,0.18419798600305923,-0.01853504776954651,0.030965764159711886,0.06402631553184104
263,compsvi45,table,cup,0.18946336561347002,0.04529060423374176,0.033783459272244215,0.14582026518427774
264,compsvi45,table,mug,0.18488951598079195,-0.06270426511764526,0.030937091246792888,0.14230000698454315
265,compsvi45,pencil,table,0.7042505527191161,0.7476668357849121,0.5940957456581735,0.38496697590844775
266,compsvi45,pencil,cup,0.2221153118692667,0.13923728466033936,0.04388887737153957,0.1298104771661967
267,compsvi45,pencil,mug,0.4559995602252767,0.444305419921875,0.06388210989492484,0.2672275260866201
268,compsvi45,cup,table,0.6575994566938118,0.7654197216033936,0.5914568229567742,0.3506697670681112
269,compsvi45,cup,pencil,0.22516866315531534,0.15663529932498932,0.033929066079807106,0.07030341974416597
270,compsvi45,cup,mug,0.22902918685817852,0.16356351971626282,0.03669321050398223,0.17627205478199687
271,compsvi45,mug,table,0.7081211964519735,0.78050696849823,0.606532864719973,0.3982718619612367
272,compsvi45,mug,pencil,0.2351221296525033,0.3201456964015961,0.03742925038019354,0.06900516717060001
273,compsvi45,mug,cup,0.2432388646697364,0.288293331861496,0.04130383263731752,0.13863686511257273
274,compsvi46,bowl,ball,0.20220394570487535,0.1208241656422615,0.037913587348251766,0.0627426165050292
275,compsvi46,bowl,table,0.6250000834823722,0.791047215461731,0.6042762497276576,0.32865086601630145
276,compsvi46,bowl,pencil,0.19788753749827695,-0.046046316623687744,0.029959545355582564,0.06362063227478346
277,compsvi46,ball,bowl,0.3178773974685718,0.2802966833114624,0.04601063611213434,0.1778209580716951
278,compsvi46,ball,table,0.556345363283986,0.7720661163330078,0.5883301396927872,0.28458992496903873
279,compsvi46,ball,pencil,0.35456990577182623,1.01525616645813,0.03782698369814404,0.1084939535464488
280,compsvi46,table,bowl,0.18478902236696357,-0.04775729775428772,0.03104677186952173,0.14222266218825322
281,compsvi46,table,ball,0.18865084951353062,0.04783186316490173,0.03351062318721287,0.06428357876333707
282,compsvi46,table,pencil,0.18002997495005754,-0.10655292868614197,0.028731682007400488,0.06374598203614794
283,compsvi46,pencil,bowl,0.6905043427683433,0.798617959022522,0.4829432693086052,0.4389545676837885
284,compsvi46,pencil,ball,0.19891033241947922,-0.07676684856414795,0.03715103405291018,0.11338949525734715
285,compsvi46,pencil,table,0.5463387383051646,0.6641595363616943,0.5864004153648907,0.2802106406409081
286,compsvinew1,plate,table,0.7373839055147435,0.8213390111923218,0.6191681213501002,0.4320963383153147
287,compsvinew1,plate,cube,0.1985488946030502,0.13766929507255554,0.03594946023667159,0.06599221412194697
288,compsvinew1,plate,pencil,0.24304879780723135,0.10338369011878967,0.035627079823102856,0.07599337747018732
289,compsvinew1,table,plate,0.1860944297510916,-0.021153569221496586,0.030436630247290274,0.06400471898357724
290,compsvinew1,table,cube,0.17993014873438132,-0.13956263661384585,0.028353517338952486,0.06371583621792827
291,compsvinew1,table,pencil,0.18161069061525065,0.01713341474533081,0.02925308158835885,0.06344341064633527
292,compsvinew1,cube,plate,0.6378527343024758,1.168806076049805,0.35922205281100505,0.4140892929489297
293,compsvinew1,cube,table,0.5440505523065726,0.6990238428115845,0.5984540201062679,0.2823535512844113
294,compsvinew1,cube,pencil,0.20583994510499623,-0.011410877108573914,0.033673105999954094,0.11681303219323386
295,compsvinew1,pencil,plate,0.2382251504377775,0.2631274461746216,0.17628259532694196,0.16171600380215473
296,compsvinew1,pencil,table,0.45247247690894143,1.1773515939712524,0.3913321453314879,0.28109833337825085
297,compsvinew1,pencil,cube,0.1911891964860075,0.010282278060913086,0.03160981742581135,0.06168031951314078
298,compsvinew2,mug,table,0.506423343847414,0.7213445901870728,0.5003107648244338,0.2508380128430941
299,compsvinew2,mug,box,0.20799371011613077,-0.3063879907131195,0.06126397793949885,0.1600821238849547
300,compsvinew2,table,mug,0.17768952505667648,0.04450316727161408,0.028051867843118725,0.13675854210831556
301,compsvinew2,table,box,0.1890801565194098,0.046858713030815125,0.03290975536316303,0.1455253287381951
302,compsvinew2,box,mug,0.20386819870638725,0.3448098599910736,0.029788283883153306,0.11477255886259173
303,compsvinew2,box,table,0.7509348193277401,0.8795286417007446,0.6033242411852103,0.4502352772265612
304,compsvo12,box,book (1),0.30021232493853833,0.22036589682102206,0.03156985329680019,0.09515882789607792
305,compsvo12,box,book,0.23769201194318318,0.2262013852596283,0.02559303655694118,0.08559176786560961
306,compsvo12,box,table,0.2915389618440774,0.004562318325042725,0.2454027340959453,0.17859640196172866
307,compsvo12,book (1),box,0.18731011629099448,0.10159032046794893,0.05824757519310975,0.11417183361026265
308,compsvo12,book (1),book,0.19648482827518202,0.03190906345844269,0.034793258968621975,0.06184262436972057
309,compsvo12,book (1),table,0.6754762251471182,1.0680010318756104,0.9321739637334094,0.4470675371984839
310,compsvo12,book,box,0.16148288418767628,0.430768221616745,0.052368989639894316,0.10366019333085877
311,compsvo12,book,book (1),0.19707860717615294,0.023650631308555603,0.03470786656570868,0.1111496639209744
312,compsvo12,book,table,0.68283282295808,0.872018575668335,0.5435840482100275,0.37171113205703743
313,compsvo12,table,box,0.203148952091898,-0.1425231397151947,0.06197881416979365,0.1563533613478817
314,compsvo12,table,book (1),0.18600421039699727,-0.018587499856948853,0.030624428283094564,0.06403709071301346
315,compsvo12,table,book,0.18911099067955028,-0.03340184688568115,0.02835779850981336,0.06312415584576363
316,compsvo12v,board,book,0.2011307154736294,0.09824594855308533,0.029250492548686724,0.063048786281556
317,compsvo12v,board,table,0.5982493236555314,0.9688714742660522,0.6117329563656188,0.31228802224507346
318,compsvo12v,board,clock,0.22051439828537295,-0.030001193284988407,0.14988629743981233,0.06317781711383025
319,compsvo12v,book,board,0.6259350214780879,0.8314241170883179,0.6309985064341866,0.32197260098625746
320,compsvo12v,book,table,0.4014593107191823,0.7431373596191406,0.32582773099183354,0.1781159308173798
321,compsvo12v,book,clock,0.2137471369438022,-0.5199539661407471,0.06157335079038511,0.06831169763701844
322,compsvo12v,table,board,0.1825615042247705,-0.0455247163772583,0.028481497964192193,0.06372211172395595
323,compsvo12v,table,book,0.158226628316548,0.17784318327903748,0.02536391896062704,0.06040274888269705
324,compsvo12v,table,clock,0.1626103501701428,0.13882651925086975,0.025526391614513075,0.061058667972600913
325,compsvo12v,clock,board,0.20481171426793954,1.0561325550079346,0.4787711454527669,0.12632631979567674
326,compsvo12v,clock,book,0.18791599378828017,0.01452749967575073,0.02910721202145664,0.11187791260873088
327,compsvo12v,clock,table,0.4288383704646161,0.80953049659729,0.3658011043111952,0.19678494061380927
328,compsvo13v,jar,board,0.21932339012462282,0.19324108958244324,0.03832609504194732,0.13117505240914248
329,compsvo13v,jar,book,0.17655968146538356,-0.25998857617378235,0.02722117160908551,0.06039808657848891
330,compsvo13v,jar,table,0.7010117306728834,0.9707654714584352,0.26373889315122345,0.4436091714023137
331,compsvo13v,board,jar,0.21263879105422995,-0.4227099120616913,0.061563385439849065,0.16365720517839027
332,compsvo13v,board,book,0.20152533544893994,0.10546915233135223,0.029281969124024563,0.06307492149696654
333,compsvo13v,board,table,0.5998973011538056,0.970788598060608,0.6137080559265619,0.3134575721833289
334,compsvo13v,book,jar,0.19286324591055998,0.07965832948684692,0.0591681728122505,0.11968496202205828
335,compsvo13v,book,board,0.6269991737473417,0.8347893953323364,0.6320727002215176,0.3229266785228441
336,compsvo13v,book,table,0.4059684392405494,0.5380213260650635,0.32782234496448875,0.18110634892815652
337,compsvo13v,table,jar,0.18374764338549565,-0.0901435911655426,0.03019889169474568,0.14142116603229032
338,compsvo13v,table,board,0.18253284766676978,-0.04613351821899414,0.028478959240010645,0.06371984838855005
339,compsvo13v,table,book,0.1582295419503817,0.1779208481311798,0.025364176971965642,0.060403010313884814
340,compsvo14,book (1),book,0.5095420381845736,0.9637285470962524,0.4660059841275585,0.16665601902474356
341,compsvo14,book (1),table,0.5457755474691907,0.933732271194458,0.6067396926725841,0.28040746566599034
342,compsvo14,book,book (1),0.21109097529120058,0.0757494568824768,0.03016045565963305,0.1327857480786352
343,compsvo14,book,table,0.692318477312396,1.0030022859573364,0.9142742832105218,0.4589649386119766
344,compsvo14,table,book (1),0.18114232568715102,-0.054909825325012214,0.027958712655402642,0.06364550347444649
345,compsvo14,table,book,0.18534311507613202,-0.01619942486286163,0.030132552004390106,0.06392351162429652
346,compsvo14a,box,book,0.21038531407997463,0.2117528915405273,0.029120463174429095,0.06379742576231434
347,compsvo14a,box,table,0.6405894836695306,0.8793348073959351,0.6212104798929203,0.3436511197447597
348,compsvo14a,book,box,0.596291520645852,1.003496170043945,0.5003302380256629,0.30333816320347795
349,compsvo14a,book,table,0.5194806989483338,0.26421305537223816,0.5297218559133964,0.2638234606097037
350,compsvo14a,table,box,0.1854716734180857,-0.02320730686187744,0.029766334776725262,0.14274806379811394
351,compsvo14a,table,book,0.1783995979155495,-0.012223467230796814,0.02787732362493041,0.06330823579270259
352,compsvo14v,jar,board,0.19665322584331205,0.03030334413051605,0.035216924566079236,0.11203672175172266
353,compsvo14v,jar,book,0.1695242240643734,-0.24723154306411746,0.026497906893042045,0.05932395972878935
354,compsvo14v,jar,table,0.6829312234539805,0.9518327713012696,0.2630088883924264,0.4176159850026618
355,compsvo14v,board,jar,0.2162969166519372,-0.1896083652973175,0.06154024700466405,0.16647267740969926
356,compsvo14v,board,book,0.20146125789659158,0.104293093085289,0.029276865654581763,0.06307068210687937
357,compsvo14v,board,table,0.5980760164739425,0.9686745405197144,0.6115256920261857,0.31216565386844525
358,compsvo14v,book,jar,0.1984045060321977,0.08636082708835602,0.058396514088043375,0.12061653697229685
359,compsvo14v,book,board,0.6268044421793614,0.8340981006622314,0.6318836279148095,0.3227437518878901
360,compsvo14v,book,table,0.4027117255675309,0.2431025207042694,0.3256822110792951,0.18062655862387555
361,compsvo14v,table,jar,0.18481095118631666,-0.11821496486663816,0.03068738415779585,0.14223953967928105
362,compsvo14v,table,board,0.1825390999785377,-0.04600068926811218,0.02847951320209633,0.06372034224123868
363,compsvo14v,table,book,0.15823224566735805,0.17799288034439087,0.025364416386222447,0.06040325290496225
364,compsvo16,balloon,book,0.1879570612167299,0.16931940615177155,0.05832032366505576,0.06519655813654929
365,compsvo16,balloon,table,0.2094354535563395,-0.05234026908874512,0.06541437330485593,0.12252003942053558
366,compsvo16,book,balloon,0.17187549547696848,-0.009945392608642578,0.02576291698463896,0.0957920290255544
367,compsvo16,book,table,0.690597320744565,0.9700797796249392,0.8811828870514591,0.4534466541058384
368,compsvo16,table,balloon,0.17811081961570685,-0.013265371322631836,0.027568835597807043,0.0631881207626156
369,compsvo16,table,book,0.18591236884835283,-0.01690211892127991,0.03050110176449535,0.06401001431001876
370,compsvo16a,balloon,book,0.1851222283433847,0.7234070897102356,0.02431754826739021,0.0628243114703528
371,compsvo16a,balloon,table,0.24882830627366445,0.15913236141204834,0.06528192299472456,0.15288086474557536
372,compsvo16a,book,balloon,0.16575566245929013,0.1202521026134491,0.027163420478964688,0.08195800882982847
373,compsvo16a,book,table,0.6905036118120487,0.9690116643905641,0.8797770562210425,0.4532128971130978
374,compsvo16a,table,balloon,0.19610510123299557,0.0657883733510971,0.03254070366311612,0.06340921285648682
375,compsvo16a,table,book,0.18591298330587103,-0.016889452934265137,0.030501162507055805,0.06401006183953706
376,compsvo17,box,book,0.18344348667281127,-0.04505583643913269,0.025688136363934324,0.061897635086796784
377,compsvo17,box,table,0.15274957394500885,-0.015701502561569214,0.036394074405474326,0.09813985589542938
378,compsvo17,book,box,0.20237923461844068,0.26058292388916016,0.06390137763766507,0.12121525239038596
379,compsvo17,book,table,0.5260521367682924,1.0334959030151367,0.9999999999999996,0.3568481930030461
380,compsvo17,table,box,0.19920001092020662,0.21594549715518951,0.06159843101939104,0.15331406323877952
381,compsvo17,table,book,0.1859138057513969,-0.016872435808181763,0.030501419531259674,0.06401023714458026
382,compsvo18,box,book,0.194272292572011,0.18067017197608948,0.02704384787822585,0.06500711385495843
383,compsvo18,box,table,0.21681814986199602,0.007743075489997864,0.033774624912158074,0.12604014873327013
384,compsvo18,book,box,0.19081322911786872,0.12772226333618164,0.05885953534738065,0.11435916589789236
385,compsvo18,book,table,0.6915993386571831,0.9760490655899048,0.8792253351213195,0.4537811973995107
386,compsvo18,table,box,0.2016598736002998,-0.0994192361831665,0.0597908422908513,0.15520729377000467
387,compsvo18,table,book,0.18593023007926127,-0.016528859734535217,0.030503011011371636,0.06401149001144334
388,compsvo19,box,book,0.1435370873828824,0.1113412082195282,0.019993254587728267,0.05451368453892942
389,compsvo19,box,table,0.21218804597054763,-0.053780943155288696,0.031937363442093414,0.12150573164024465
390,compsvo19,book,box,0.1489953310360074,0.5525998473167419,0.04885654959962582,0.09704593094540433
391,compsvo19,book,table,0.6916688500789945,0.9768317937850952,0.8802495613117693,0.4539539062520826
392,compsvo19,table,box,0.19715875930880228,-0.15874680876731873,0.05890605396141822,0.15174301624339326
393,compsvo19,table,book,0.18594421785112447,-0.016269758343696594,0.030504329324683645,0.06401307095852488
394,compsvo23v,jar,board,0.21860640813813487,0.18863707780838013,0.03823838323167598,0.13058422798243025
395,compsvo23v,jar,table,0.7030344452909704,0.976740837097168,0.2638380274032139,0.4463611508796453
396,compsvo23v,jar,clock,0.1901700459675825,-0.0167502760887146,0.02820392127251245,0.06106124935215077
397,compsvo23v,board,jar,0.2148675836418052,-0.3889240324497223,0.06163480400090405,0.16537259287409933
398,compsvo23v,board,table,0.5980760164739425,0.9686745405197144,0.6115256920261857,0.31216565386844525
399,compsvo23v,board,clock,0.2284324993868394,0.05437684059143066,0.15602299205376075,0.0636199497921632
400,compsvo23v,table,jar,0.18374989541303088,-0.0901469886302948,0.030199113763198338,0.14142289930273724
401,compsvo23v,table,board,0.1826032442335071,-0.04463738203048706,0.02848519448577027,0.06372540764790909
402,compsvo23v,table,clock,0.16259569284384426,0.1384502649307251,0.02552513382620633,0.06105738265489773
403,compsvo23v,clock,jar,0.2060074497676338,0.006849050521850586,0.05929562204768059,0.1238181781558709
404,compsvo23v,clock,board,0.2042744402163508,1.0210378170013428,0.4768772299906942,0.12569832903171668
405,compsvo23v,clock,table,0.4287337809005945,0.8048001527786255,0.3641906385273697,0.19692483810345446
406,compsvo24,pear,book,0.6118278366866124,0.8265748023986816,0.6117678515583865,0.3191086210342756
407,compsvo24,pear,table,0.5109791057882008,0.897014856338501,0.10701360260813778,0.2628552573633796
408,compsvo24,book,pear,0.1857719182457657,-0.06545495986938478,0.030338845159850195,0.06400761027934153
409,compsvo24,book,table,0.6864778410430896,0.8756585121154785,0.5493640987747189,0.3754205963494556
410,compsvo24,table,pear,0.17836170241240942,-0.0478057861328125,0.02683759825100078,0.06328318730132458
411,compsvo24,table,book,0.18903133554046522,-0.03180685639381409,0.028471375742881725,0.06325125066328144
412,compsvo24v,jar,board,0.1967443182495424,0.03644245862960816,0.03518022197596726,0.11211866034616486
413,compsvo24v,jar,table,0.684092917961759,0.9479234218597412,0.2630338456129516,0.4199230405237608
414,compsvo24v,jar,clock,0.16899791950448428,-0.1778818964958191,0.02602175813316828,0.059171841057313934
415,compsvo24v,board,jar,0.20380790510655428,-0.1627274453639984,0.061139742841591724,0.1568605237907636
416,compsvo24v,board,table,0.6158072464982709,0.9221277236938475,0.6320142724281932,0.32662939133098945
417,compsvo24v,board,clock,0.21705582420856406,-0.062058240175247185,0.14728056722236407,0.0629779691364953
418,compsvo24v,table,jar,0.183749955124447,-0.10523489117622377,0.030503892918894524,0.14142294525956114
419,compsvo24v,table,board,0.18254924743817721,-0.045785218477249146,0.02848041220620952,0.0637211437177051
420,compsvo24v,table,clock,0.16258542618526783,0.13818681240081787,0.025524252681199795,0.06105648228020026
421,compsvo24v,clock,jar,0.19903743007196473,0.16263401508331302,0.0582690930707297,0.12072703837729687
422,compsvo24v,clock,board,0.20425591667911724,1.019984245300293,0.4767991646808442,0.12567733856492386
423,compsvo24v,clock,table,0.43074641062524766,0.7662883996963501,0.3668200181655063,0.19795486677453425
424,compsvo26,balloon,book,0.1578165868663383,0.4837573766708374,0.0512447029333525,0.060424698394963686
425,compsvo26,balloon,table,0.2094354535563395,-0.05234026908874512,0.06541437330485593,0.12252003942053558
426,compsvo26,book,balloon,0.14584839489216905,0.193991094827652,0.02125026409895672,0.07116908376961344
427,compsvo26,book,table,0.6998878066115619,0.8733301162719727,0.5443871955626888,0.39458789490814256
428,compsvo26,table,balloon,0.17811083635292171,-0.01326487958431244,0.02756883704390228,0.06318812211631525
429,compsvo26,table,book,0.19098342583364833,-0.01934096217155456,0.02844741528766737,0.0631947270836109
430,compsvo27,box,book,0.1707348057152687,-0.08604457974433899,0.02356555138635064,0.058998298996868766
431,compsvo27,box,table,0.15280541083502794,-0.04167667031288147,0.036525689482452176,0.09815526385206212
432,compsvo27,book,box,0.18732507855445327,0.2941478192806244,0.05729387571257701,0.1105968517978938
433,compsvo27,book,table,0.6910229477928238,0.8370418548583984,0.5627503864628801,0.3779134313634725
434,compsvo27,table,box,0.19915403009618113,0.1785469651222229,0.0615972771345709,0.15327867414954274
435,compsvo27,table,book,0.1907647172855571,-0.02330559492111206,0.02888880381102308,0.06328769823097613
436,compsvo28,box,book,0.20761785791312018,0.1718941628932953,0.029613936668112763,0.0672479003344894
437,compsvo28,box,table,0.21665667748225467,0.006047561764717102,0.0337895382522678,0.12593768553080606
438,compsvo28,book,box,0.20458466432766323,-0.20029747486114505,0.0629214502489677,0.12307222580081152
439,compsvo28,book,table,0.6789289226860593,0.892471194267273,0.5409964967290793,0.3678265037392647
440,compsvo28,table,box,0.2015931078077858,-0.09951278567314148,0.059782802525639875,0.15515590755326508
441,compsvo28,table,book,0.18927697975572558,-0.03518414497375488,0.028379226775337045,0.06308050172796352
442,compsvo29,box,book,0.19001382413496265,0.1402449607849121,0.028576731169254268,0.061556508749252836
443,compsvo29,box,table,0.21107607528464645,-0.10093164443969728,0.031798874086050484,0.1207229366852696
444,compsvo29,book,box,0.19967893170416154,-0.1772100329399109,0.0606901663389887,0.11846295240417785
445,compsvo29,book,table,0.6805363062432015,0.8824914693832397,0.542326588840934,0.3672898556672409
446,compsvo29,table,box,0.1970271104627536,-0.17725062370300293,0.05883979640505652,0.1516416928578413
447,compsvo29,table,book,0.18928673831734508,-0.0349884033203125,0.02838003706044352,0.06308121603074497
448,compsvo34v,jar,book,0.20677113599760324,0.16000458598136902,0.03147142682224745,0.1172154835373514
449,compsvo34v,jar,board,0.21857424307526366,0.1883556246757508,0.03823446952001724,0.1305580227879511
450,compsvo34v,jar,table,0.7017496343345531,0.9728949069976808,0.2637770300749809,0.4446024331408376
451,compsvo34v,book,jar,0.19724116981801348,-0.042204439640045166,0.03548845348552137,0.15180644339865484
452,compsvo34v,book,board,0.1925473235132167,0.1385580450296402,0.03356881390853246,0.10742811187461007
453,compsvo34v,book,table,0.6773604891235594,1.0670807361602783,0.926952187030054,0.4482089056823533
454,compsvo34v,board,jar,0.21293351312826506,-0.4183196723461151,0.061572880565063964,0.16388403768953194
455,compsvo34v,board,book,0.19783542321517592,0.05273295938968658,0.060080652469749765,0.06631547840195888
456,compsvo34v,board,table,0.5994382939559983,0.970246195793152,0.6131571924550951,0.3131306973729182
457,compsvo34v,table,jar,0.18377636848710832,-0.09018838405609132,0.030201723877926395,0.14144327427427708
458,compsvo34v,table,book,0.18575221934146458,-0.015662387013435364,0.030756713192127437,0.06405593919966447
459,compsvo34v,table,board,0.18253560324817047,-0.04607498645782472,0.028479203391926243,0.06372006604674396
460,compsvo67,balloon,box,0.1735000728616855,0.2219175398349762,0.05522906850437045,0.1335341349619928
461,compsvo67,balloon,table,0.2094354535563395,-0.05234026908874512,0.06541437330485593,0.12252003942053558
462,compsvo67,box,balloon,0.15926346003593245,-0.06566420197486877,0.025431932984766512,0.0830201667252721
463,compsvo67,box,table,0.1528053959406214,-0.04168015718460083,0.03652556392904057,0.09815522817632223
464,compsvo67,table,balloon,0.17811081321290936,-0.01326557993888855,0.02756883504460532,0.06318812024475969
465,compsvo67,table,box,0.1991452124082216,0.1729404628276825,0.0615971612054031,0.15327188762597185
466,compsvo68,balloon,box,0.18743527225522896,0.0746874213218689,0.058261019302646475,0.1442593454235651
467,compsvo68,balloon,table,0.20902655367191916,0.0633908361196518,0.06528804663534732,0.12223938204653448
468,compsvo68,box,balloon,0.1713405493442834,-0.17771610617637634,0.026558213775782897,0.09498435624184244
469,compsvo68,box,table,0.21604258824603637,-0.011345937848091124,0.0337791452896374,0.12556884066640595
470,compsvo68,table,balloon,0.17649939606467785,-0.014955148100852966,0.026737751727620718,0.06285794315832134
471,compsvo68,table,box,0.2005013150840385,-0.10787394642829896,0.0598359444431771,0.1543156105175421
472,compsvo68a,balloon,box,0.22800999367326286,0.04276731610298157,0.06377960985679977,0.1754876338992727
473,compsvo68a,balloon,table,0.24882830627366445,0.15913236141204834,0.06528192299472456,0.15288086474557536
474,compsvo68a,box,balloon,0.1889694363077839,-0.031505018472671516,0.02868887803196647,0.11319923162396968
475,compsvo68a,box,table,0.21605069284706047,-0.01159842312335968,0.03377870371862676,0.1255730411914816
476,compsvo68a,table,balloon,0.19610498450892924,0.06578616797924043,0.032540691530470366,0.06340920470908021
477,compsvo68a,table,box,0.2005026105424051,-0.10790595412254332,0.05983598766741434,0.1543166075656096
478,compsvo69a,balloon,box,0.2110392245768449,-0.17260831594467166,0.06098685774307911,0.16242610064714266
479,compsvo69a,balloon,table,0.24864893534414237,0.22242291271686554,0.06555178423278127,0.15409183792681913
480,compsvo69a,box,balloon,0.1813369527536716,-0.013537302613258362,0.027891438846858654,0.1056490308772892
481,compsvo69a,box,table,0.20926198758192335,-0.08541059494018555,0.031505005228949175,0.1191892632196653
482,compsvo69a,table,balloon,0.1959809054513669,0.06556639075279236,0.03246967747834211,0.06335308592855232
483,compsvo69a,table,box,0.19607029385634647,-0.1320573091506958,0.058641548431434126,0.1509052800382588
484,compsvo78,box,box (1),0.19074400243818032,0.050028443336486816,0.029250788230836263,0.11263189790929755
485,compsvo78,box,table,0.21639817631520278,0.019509896636009216,0.03379028415345591,0.12580943106831394
486,compsvo78,box (1),box,0.2008089474826596,0.2524619996547699,0.029605580115423462,0.1545523794454082
487,compsvo78,box (1),table,0.21128640224004383,0.02148793637752533,0.041038681162468636,0.1329888383871413
488,compsvo78,table,box,0.20166034024305837,-0.09943118691444396,0.05979085489853856,0.15520765292107636
489,compsvo78,table,box (1),0.20503833070227181,0.013300776481628418,0.06178095866350751,0.15780751945969465
490,compsvo79,box,box (1),0.18443433479177457,-0.044489651918411255,0.026816604893513462,0.1111400932627738
491,compsvo79,box,table,0.2103970048011465,-0.01810967922210693,0.03116448231086585,0.11951811354995295
492,compsvo79,box (1),box,0.18681441121314266,0.23497712612152105,0.026791477269798417,0.14378150042431434
493,compsvo79,box (1),table,0.21127429271567488,0.022564545273780826,0.04103875116535991,0.13298040770157646
494,compsvo79,table,box,0.19558359341348308,-0.12950485944747925,0.05844446911407654,0.15053069159255136
495,compsvo79,table,box (1),0.20507995370956303,0.013885572552680973,0.06178243348736706,0.1578395545602077
496,compsvo89,box,box (1),0.09761122454761705,-0.010474294424057009,0.01384721569164244,0.07172130204646747
497,compsvo89,box,table,0.21639817631520278,0.019509896636009216,0.03379028415345591,0.12580943106831394
498,compsvo89,box (1),box,0.10121604985417372,0.6608805656433105,0.01393974278597284,0.07790081836058843
499,compsvo89,box (1),table,0.2030282182536936,-0.15508398413658142,0.027620929949079737,0.11192294732705108
500,compsvo89,table,box,0.20166034024305837,-0.09943118691444396,0.05979085489853856,0.15520765292107636
501,compsvo89,table,box (1),0.1892613576916894,-0.207518607378006,0.056035204683718295,0.14566479001561916
502,compsvu15,balloon,book,0.20337317430590246,-0.19349882006645205,0.06501977303889518,0.06981306123513717
503,compsvu15,balloon,table,0.20562820146578817,-0.027031272649765008,0.06458355675697479,0.11848784226367913
504,compsvu15,book,balloon,0.18782507716737828,-0.042175620794296265,0.0283524512088966,0.1115488877661862
505,compsvu15,book,table,0.6783485650983341,0.9681860208511353,0.8361852732137963,0.4419490342872959
506,compsvu15,table,balloon,0.17359153355471918,0.004451841115951538,0.026498765860693985,0.062459777932923524
507,compsvu15,table,book,0.18452521864081783,-0.01804429292678833,0.02937199383525068,0.06372498491757345
508,compsvu16,balloon,book,0.1902883640829555,0.09632164239883424,0.05885394628826094,0.06557015967297926
509,compsvu16,balloon,table,0.20562820146578817,-0.027031272649765008,0.06458355675697479,0.11848784226367913
510,compsvu16,book,balloon,0.17384960082885956,-0.011670410633087158,0.02628355441296406,0.09772490878422042
511,compsvu16,book,table,0.690755026583343,0.9967398643493652,0.8547234673142609,0.44942936086139706
512,compsvu16,table,balloon,0.17359155116269484,0.004452243447303772,0.026498767327833232,0.062459779385171825
513,compsvu16,table,book,0.18568155934588954,-0.023307710886001587,0.031043170133012006,0.06408966950099189
514,compsvu17,box,box (1),0.1834712021623065,0.13853251934051514,0.030874518005251105,0.14120840335733845
515,compsvu17,box,table,0.15255894231080983,-0.04154664278030396,0.03598973575118024,0.09792460797160714
516,compsvu17,box (1),box,0.18361169280998724,0.13468796014785767,0.030998125956631456,0.11039537658881228
517,compsvu17,box (1),table,0.19776179825981308,-0.025856494903564453,0.030162038210083408,0.11046162345804836
518,compsvu17,table,box,0.19949310888092872,0.0936453491449356,0.06162705299562321,0.15353964575294568
519,compsvu17,table,box (1),0.19684305286996784,-0.1268349289894104,0.05829034659997265,0.15150003313960345
520,compsvu23,box,pear,0.2039821419483918,0.0024653822183609013,0.06097748838502055,0.06703393339567408
521,compsvu23,box,table,0.6298179947957346,0.975688934326172,0.5984541037110442,0.3340246358402079
522,compsvu23,box,book,0.19802187224003662,0.02972303330898285,0.028097285576087573,0.06367977253085802
523,compsvu23,pear,box,0.20050032077574947,0.0856814831495285,0.0351237716566264,0.1173633323230563
524,compsvu23,pear,table,0.5904596117324181,0.8300317525863647,0.5980967752993017,0.3070751453817851
525,compsvu23,pear,book,0.18471239045703813,-0.013021796941757202,0.028345813460985032,0.10852414135097536
526,compsvu23,table,box,0.1850390187403859,-0.023706763982772827,0.029341157946281393,0.142415071614474
527,compsvu23,table,pear,0.18451334107686224,-0.05355006456375122,0.030846099523795245,0.06404747238907939
528,compsvu23,table,book,0.17815650750318338,-0.010756611824035645,0.02775847349174231,0.06326067505668431
529,compsvu23,book,box,0.6685055087252493,1.2765017747879028,0.4839152581947445,0.31129170313410515
530,compsvu23,book,pear,0.20281531277088646,-0.3252191841602325,0.06113508820195615,0.06732634772906877
531,compsvu23,book,table,0.522554325807185,0.6839492917060852,0.5357297671015255,0.2624364818164802
532,compsvu25,book (1),cube,0.2557550828075017,0.458241730928421,0.043465388477137455,0.07270380670507721
533,compsvu25,book (1),book,0.42709528921622847,0.5973116159439087,0.061876317475348976,0.2278693236167392
534,compsvu25,book (1),table,0.6258642511152549,0.8840786218643188,0.6184108801854966,0.33507751858958634
535,compsvu25,cube,book (1),0.22433390180425525,0.2834559381008148,0.0387101439417425,0.13401644054815834
536,compsvu25,cube,book,0.18993737487600257,-0.1109541356563568,0.04182399515435102,0.13374947375817886
537,compsvu25,cube,table,0.7766675846556524,0.8954312801361084,0.5718794187255469,0.4549880193099614
538,compsvu25,book,book (1),0.23531265177899593,-0.12347406148910522,0.037951892438515496,0.06715340270487469
539,compsvu25,book,cube,0.46102685501921864,0.7365983724594116,0.04806746993276313,0.1342151305319904
540,compsvu25,book,table,0.6857314866070375,0.8487805128097534,0.6277563483106882,0.378985311266655
541,compsvu25,table,book (1),0.184747409252979,-0.012444272637367249,0.02952427281387372,0.06374422934343503
542,compsvu25,table,cube,0.18790964260219112,0.0881865918636322,0.0322196877022497,0.06401023142472527
543,compsvu25,table,book,0.18463568431361463,-0.005921170115470886,0.029807253507639325,0.06379707633708799
544,compsvu25a,box,balloon,0.13583595989008196,0.09945110976696014,0.017730445779728158,0.06269873467237112
545,compsvu25a,box,table,0.17664541556295937,-0.7257189750671387,0.022424250851861626,0.09113976538046586
546,compsvu25a,balloon,box,0.14679790383942193,0.6590206623077393,0.047160671110097765,0.11298284075683455
547,compsvu25a,balloon,table,0.20655364690398162,-0.2231219112873077,0.06466387588636098,0.1191593129218128
548,compsvu25a,table,box,0.1802780718945608,-0.4352632462978363,0.05226106299317159,0.13875081425612634
549,compsvu25a,table,balloon,0.1757582120828035,0.010013192892074585,0.027677557191341826,0.0629210435519907
550,compsvu34,book (1),picture,0.71262097255343,1.0167986154556274,0.7635027385014752,0.4262481109159648
551,compsvu34,book (1),table,0.54304738765581,0.9463844299316406,0.6039792084488596,0.2780480498481586
552,compsvu34,picture,book (1),0.19788832503817191,0.0666113942861557,0.03515971587535086,0.06441574181871068
553,compsvu34,picture,table,0.6936450101804389,0.9941447973251344,0.2716585941284072,0.44307974967278796
554,compsvu34,table,book (1),0.18120081595692636,-0.06615200638771057,0.027976944710308888,0.06365533324468345
555,compsvu34,table,picture,0.1872901217909719,-0.03134360909461975,0.029914443062664317,0.06390846865952124
556,compsvu53,box,book,0.18300251501596176,-0.049898922443389886,0.02539859259416364,0.0620154060553949
557,compsvu53,box,table,0.15257868364578728,-0.04158177971839905,0.035992440817706674,0.09793604698226277
558,compsvu53,book,box,0.20240091770974483,0.2516143321990967,0.06397331504250173,0.1207773909359606
559,compsvu53,book,table,0.5258872671299486,1.033035397529602,0.9998458710696952,0.3567371412945067
560,compsvu53,table,box,0.19949325268074164,0.0936475545167923,0.06162705818465766,0.15353975642830914
561,compsvu53,table,book,0.1859138057513969,-0.016872435808181763,0.030501419531259674,0.06401023714458026
562,compsvu56,box,balloon,0.16767667207275305,-0.014464348554611206,0.023574421906265984,0.0904320914617831
563,compsvu56,box,table,0.17664541556295937,-0.7257189750671387,0.022424250851861626,0.09113976538046586
564,compsvu56,balloon,box,0.18315233371995088,0.3939538598060608,0.059517943960193075,0.14096298662111276
565,compsvu56,balloon,table,0.18731406048293375,0.3020278811454773,0.057429618101066976,0.09957250184201752
566,compsvu56,table,box,0.1802780718945608,-0.4352632462978363,0.05226106299317159,0.13875081425612634
567,compsvu56,table,balloon,0.1709399617903721,-0.07762983441352844,0.023815697725725823,0.059064359616813424
568,compsvu63,box,book,0.17632894553131184,-0.04246309399604797,0.027156593029310373,0.06021009812937528
569,compsvu63,box,table,0.15255894436361034,-0.04154661297798157,0.035989736146573394,0.09792460987431184
570,compsvu63,book,box,0.19369048864848168,-0.03869429230690002,0.05955034075614201,0.11631246263117788
571,compsvu63,book,table,0.6900631731048129,0.9694958925247192,0.8713774272411183,0.4518700932184065
572,compsvu63,table,box,0.1994932755777926,0.09364785254001616,0.061627059010900063,0.15353977405099853
573,compsvu63,table,book,0.18598344268597986,-0.019487053155899048,0.03055554517325682,0.0640249902578756
574,compsvu67,box,balloon,0.16199439738081475,0.05378676950931549,0.02493254576041397,0.08572954465593402
575,compsvu67,box,table,0.17664541556295937,-0.7257189750671387,0.022424250851861626,0.09113976538046586
576,compsvu67,balloon,box,0.17711949268869054,0.35820508003234863,0.05604578345536698,0.13631981734063192
577,compsvu67,balloon,table,0.16807184549522924,0.5581022500991821,0.05247233755597641,0.08200774221841448
578,compsvu67,table,box,0.1802780718945608,-0.4352632462978363,0.05226106299317159,0.13875081425612634
579,compsvu67,table,balloon,0.1545205025468096,-0.045659780502319336,0.02060564465771081,0.05648178868171463
580,compsvu67a,box,balloon,0.07317269904135534,0.07912066578865051,0.009453501275930695,0.02255552250855953
581,compsvu67a,box,table,0.17664541556295937,-0.7257189750671387,0.022424250851861626,0.09113976538046586
582,compsvu67a,balloon,box,0.07720472115175746,1.025731921195984,0.0292810542261409,0.05942052636600631
583,compsvu67a,balloon,table,0.1912595736654561,0.1967307925224304,0.058493839275131874,0.10341692689382533
584,compsvu67a,table,box,0.1802780718945608,-0.4352632462978363,0.05226106299317159,0.13875081425612634
585,compsvu67a,table,balloon,0.17429731373105944,-0.05598586797714234,0.02468195464095843,0.059769565276275985
586,compsvul,lamp,pencil,0.2303139123985494,0.22904692590236664,0.06395899228210232,0.07163550861208201
587,compsvul,lamp,bowl,0.2300919497121712,0.29864442348480225,0.03291506611344569,0.17709000901127714
588,compsvul,lamp,table,0.5676766698127589,0.8605610132217407,0.5676926393697957,0.28724127488758283
589,compsvul,pencil,lamp,0.31468984530140814,0.9426134824752808,0.2317870745270985,0.2188740160547688
590,compsvul,pencil,bowl,0.20730907244359584,0.002477228641510009,0.037850197172048704,0.12153414945687012
591,compsvul,pencil,table,0.5300255436098424,0.9234001636505128,0.5523296320980333,0.27205557303972
592,compsvul,bowl,lamp,0.19056567362460708,0.04998205602169037,0.03955765960772354,0.1157834336559821
593,compsvul,bowl,pencil,0.2010889780009722,0.06638981401920319,0.033688766644536634,0.06461044008603177
594,compsvul,bowl,table,0.620132056127328,0.8822017908096313,0.6179273751720762,0.3286739740995469
595,compsvul,table,lamp,0.19151567711284867,0.2719501852989197,0.033304689141827784,0.06395531720441941
596,compsvul,table,pencil,0.17854861130118338,-0.029252231121063232,0.027302155735052226,0.06333629954681698
597,compsvul,table,bowl,0.1845203645645987,-0.005363643169403076,0.03039307815043626,0.14201589001434073
598,compsvula,lamp,pencil,0.22931118744176043,0.2382939159870148,0.06393374387979844,0.0715686863317832
599,compsvula,lamp,bowl,0.20399305177964783,0.5438579320907593,0.02767769523573665,0.1570030217184293
600,compsvula,lamp,table,0.5679233999503767,0.8589615821838379,0.5679038699045912,0.2874508711969345
601,compsvula,pencil,lamp,0.3153391412618793,0.9426342248916626,0.23301928340809885,0.21948832362343984
602,compsvula,pencil,bowl,0.18714885775009876,0.07696998119354248,0.03116867628674537,0.11329215783191658
603,compsvula,pencil,table,0.5353132165185632,0.9781746864318848,0.5818141138466475,0.27335865772061585
604,compsvula,bowl,lamp,0.1817074364881887,0.12467517703771593,0.030281206577069418,0.09665770951853524
605,compsvula,bowl,pencil,0.1809715105720707,0.17033636569976807,0.02827720444326657,0.06174821208536519
606,compsvula,bowl,table,0.6221904640982361,0.8778145313262941,0.6198461567915826,0.3301036703413418
607,compsvula,table,lamp,0.19151648013429556,0.2719878554344177,0.033304780291709836,0.06395537634621289
608,compsvula,table,pencil,0.1784551359316589,-0.03132152557373047,0.027294273772620455,0.06332873443496373
609,compsvula,table,bowl,0.184501673945493,-0.003938242793083191,0.0304395719569295,0.14200150480047302
610,compsvinew2,shelf,mug,0.2240562099244496,0.6412705183029175,0.03360198683162854,0.1724446087061625
611,compsvinew2,shelf,table,0.5971579181143535,0.9147472381591796,0.6193178901177461,0.3105881827796751
612,compsvinew2,shelf,box,0.20310783391354148,-0.01935502886772156,0.06234666439934869,0.15632171478838755
613,compsvinew2,mug,shelf,0.3822681769692699,0.7563992738723755,0.3237413376598149,0.26648115386539445
614,compsvinew2,table,shelf,0.18253811625637908,-0.03679069876670837,0.0283773894538605,0.0637518074572719
615,compsvinew2,box,shelf,0.17517775134403996,0.07222519814968109,0.04163184245854239,0.11726017993690067
