,scene,figure,ground,Baseline Model,Neural Net Classification,KMeans Model,Distinct Prototype,Supervised Distinct Model,OSF Sense Model
0,compsva12,box,book,0.2515762137988258,0.02013181522488594,0.02698329122201791,0.04533027576960304,0.031447015939169966,0.12433833117361696
1,compsva12,box,table,0.232754469080999,0.0007804334163665771,0.024180909624981137,0.04478135858839717,0.03154635235676133,0.13631105970668375
2,compsva12,box,pear,0.3071359275480553,0.038667723536491394,0.036085767169843734,0.05308762939301899,0.03895395284583771,0.15154997577390783
3,compsva12,book,box,0.4244436686632701,0.5513970851898193,0.3620194983012429,0.04704583334992419,0.33307015167018383,0.11672056917278156
4,compsva12,book,table,0.19675355218718946,0.015493378043174744,0.021063609714473,0.036961799704472234,0.027099352943782358,0.04079032118678545
5,compsva12,book,pear,0.514609838763664,0.2152657359838485,0.0353842394984821,0.06873832491825994,0.051959027237077966,0.11594569763112698
6,compsva12,table,box,0.5312626931100032,0.8304548263549805,0.5196875218918039,0.4623864102069764,0.4063745503597295,0.1794908776574664
7,compsva12,table,book,0.552556181224684,0.6703841686248779,0.4971171727686374,0.054240086568075496,0.3448208083860129,0.16279796780278144
8,compsva12,table,pear,0.4972400216791599,0.7242991328239441,0.493943797206581,0.4576322125819009,0.40308391610572414,0.17874338324115618
9,compsva12,pear,box,0.36359401434727134,0.2566945254802704,0.03973706499667245,0.08301186531644097,0.07062695984884687,0.06264486719564163
10,compsva12,pear,book,0.21085117348022814,0.013437971472740172,0.06402346082308003,0.04442931262914273,0.02913435802358167,0.04283766441533822
11,compsva12,pear,table,0.2345388041579386,0.02013181522488594,0.02403959483959784,0.045216742431715085,0.031895194844089834,0.04078879729024413
12,compsva13,balloon,book,0.28912531469709274,-0.10891292989253998,0.03171659772007692,0.04558594590179817,0.031415640808434946,0.05205780101131513
13,compsva13,balloon,table,0.25740004295504754,-0.0730724036693573,0.02401906139089331,0.044936386808893496,0.032198395038253634,0.04461923981967721
14,compsva13,balloon,pear,0.2889677234774011,-0.11165407299995422,0.032002599240272364,0.04635434392339085,0.0318746550828384,0.05219198653144603
15,compsva13,book,balloon,0.5668719976195525,0.6116978526115417,0.5084952189689785,0.4887155179279344,0.45002561109551736,0.13800529944508774
16,compsva13,book,table,0.1939676288385249,0.011386845260858536,0.02076648614338769,0.03634055222659079,0.026426610636824947,0.040007011378515776
17,compsva13,book,pear,0.4718471824751671,0.5602023005485535,0.4590898581615331,0.474090994658086,0.3737387524590903,0.16694905913345098
18,compsva13,table,balloon,0.5156687858038351,0.9770991802215576,0.5350017076699578,0.4658351380813733,0.4486140091157564,0.20052118149497222
19,compsva13,table,book,0.5527931904539124,0.6709083318710327,0.4974307557781909,0.05424088363940765,0.3449633106929492,0.16289966909015693
20,compsva13,table,pear,0.5112392629413228,0.7958638668060303,0.5070731686503982,0.4611996336486296,0.41031503531539576,0.18126878430936524
21,compsva13,pear,balloon,0.5645098215550169,0.5895386338233948,0.5099574224258555,0.4875763414733956,0.44781101729596295,0.13830876666697448
22,compsva13,pear,book,0.2346652633003921,0.02013181522488594,0.02378413237342504,0.01637689379842868,0.031848008218233505,0.04149551727989389
23,compsva13,pear,table,0.22349331176925305,0.02013181522488594,0.02325068252609989,0.042382907208085116,0.030136653820479524,0.04038604724683575
24,compsva14,box,book,0.5524778863738278,0.6084291338920593,0.4767322492419103,0.4737294041748246,0.4019297008366585,0.16776346253109103
25,compsva14,box,table,0.3040753767278586,1.0282230377197266,0.11855181111858976,0.08806513813351119,0.06369651488614522,0.1974885695932167
26,compsva14,book,box,0.2391421411802548,-0.0030784960836172104,0.02696206613338805,0.04374194725104536,0.03105576991786624,0.04855226810436662
27,compsva14,book,table,0.2845762254702197,0.7188719511032104,0.15717646976765395,0.0903099654026931,0.07085785669781282,0.04114164551385926
28,compsva14,table,box,0.3046039112177574,0.2683669328689575,0.033761178750214414,0.052906683195291015,0.03467809397837674,0.06240622075549122
29,compsva14,table,book,0.3667153945757958,-0.1529141664505005,0.033981237377141565,0.05338329616226563,0.03605836660195712,0.07831497003255525
30,compsva15,balloon,book,0.2869976063100081,0.02013181522488594,0.03006528026478968,0.046824066732119016,0.0334461969092131,0.05709136871775364
31,compsva15,balloon,table,0.2683506172725783,-0.07871371507644652,0.02538241197066089,0.0476173413511283,0.03376775581973824,0.044749722555961456
32,compsva15,balloon,pear,0.27939898637202565,-0.05269450321793556,0.031039854927553907,0.04610763467375712,0.031763791171163715,0.052140999417513594
33,compsva15,book,balloon,0.5514963336126599,0.8647115230560303,0.531277985168717,0.4849447637435544,0.4394252787763228,0.15541359111223788
34,compsva15,book,table,0.1939664640207729,0.011386007070541382,0.020766378378540784,0.0363402701097308,0.026426421269949856,0.04000695788150932
35,compsva15,book,pear,0.4718471982622666,0.5602045655250549,0.4590898565139958,0.4740909948085472,0.3737387800653297,0.1669490669252236
36,compsva15,table,balloon,0.5628901857656206,0.9316901564598083,0.5729405252452752,0.477455299181931,0.4727505172748631,0.2024194672687325
37,compsva15,table,book,0.5527930238456619,0.6708901524543762,0.4974307780187741,0.054240903001879545,0.3449631468009109,0.1628996168668731
38,compsva15,table,pear,0.5112392733473994,0.7958642840385437,0.5070731667159708,0.4611996407648732,0.4103150551856821,0.18126879005828989
39,compsva15,pear,balloon,0.527477658219289,0.4120826721191406,0.491541819796839,0.4761167936012986,0.4250566086434785,0.13836896477951682
40,compsva15,pear,book,0.2345336372256268,0.02013181522488594,0.02378210005146966,0.01637623624318246,0.03183307037198401,0.041490323260026364
41,compsva15,pear,table,0.22177070706622995,0.02013181522488594,0.02307958094960146,0.04194721445158027,0.029850343523118363,0.040322911610064495
42,compsva23,balloon,box,0.2684582239711931,0.02013181522488594,0.027301243235269286,0.02013798530445551,0.03400855425259454,0.053275573907466
43,compsva23,balloon,book,0.2870169938512493,0.02013181522488594,0.030071034747845032,0.0468207391960406,0.03344374907135417,0.05708710087962529
44,compsva23,balloon,table,0.2683506272490141,-0.07871215045452118,0.025382423688863755,0.04761736057509067,0.03376776498106237,0.04474965359300773
45,compsva23,box,balloon,0.5092495323693729,0.9442551136016846,0.4913030590685701,0.7235018859912232,0.4188156453501993,0.1583798013326481
46,compsva23,box,book,0.2453708415304739,0.02013181522488594,0.026922563891444925,0.04325513579041372,0.0309629847413833,0.12001440391960533
47,compsva23,box,table,0.2304745702968299,0.000360291451215744,0.023984314899484944,0.04421098484644035,0.031172394784152933,0.13467594233118368
48,compsva23,book,balloon,0.5516235304767738,0.8642945885658264,0.5314780831118591,0.4850458797905915,0.4395056816967392,0.15543547713558598
49,compsva23,book,box,0.4521051984427672,0.4945794641971588,0.3610534092758755,0.05244667297680308,0.30321168062769216,0.1145341214550175
50,compsva23,book,table,0.19326082630132968,0.011665768921375276,0.020665760717703426,0.03642122316495382,0.026567730757004082,0.04055937244334959
51,compsva23,table,balloon,0.5628894316407673,0.9316904544830322,0.5729381988653224,0.4774555383163256,0.4727507641353028,0.2024191032447686
52,compsva23,table,box,0.5332904944928142,0.8323054909706116,0.5210479103557536,0.462853176404505,0.4074600052610368,0.1799599122530781
53,compsva23,table,book,0.5528206414821765,0.6707882881164551,0.4974493410829377,0.054246232689395615,0.34497133390445905,0.16290972456762495
54,compsva24,picture,bin,0.25478699503382113,0.02013181522488594,0.025803477533551424,0.019716079222745188,0.03057202979243572,0.05233125077027896
55,compsva24,picture,table,0.308438005267582,0.2994899153709412,0.15289077775949567,0.0862560743117816,0.06837218585785365,0.05060041812336298
56,compsva24,bin,picture,0.3115806259619541,0.3413078188896179,0.2683498292125981,0.7388229293905277,0.3231418668552096,0.1146613026488027
57,compsva24,bin,table,0.2982116366382861,0.7992713451385498,0.16856910190971602,0.08797973788236628,0.06901668330706785,0.1827171695548628
58,compsva24,table,picture,0.3598423306340512,-0.06259377300739287,0.03439461863322375,0.05259839440980184,0.037407205812302856,0.07833365087579233
59,compsva24,table,bin,0.2996982371329566,-0.07535459101200104,0.03292150246537698,0.05247856298586138,0.035831150586030314,0.06334408857946765
60,compsva25,picture,bin,0.27668871553165536,0.02013181522488594,0.028370961818733564,0.02272612306752991,0.03469116938355133,0.057794433983382895
61,compsva25,picture,table,0.4003850525541041,0.35452258586883545,0.048554049378255186,0.0925876333145724,0.0773169829390017,0.06567437169663909
62,compsva25,bin,picture,0.2893047097802717,0.14057603478431702,0.021644789540961384,0.028650213827211925,0.03495175244046585,0.12130376327526575
63,compsva25,bin,table,0.4175248864056709,0.5576686263084412,0.05449571140950797,0.08573546197662828,0.07288372559892242,0.23268384544860374
64,compsva25,table,picture,0.3826240148097037,0.11497819423675534,0.03885413418220792,0.05548785791686255,0.039922068132137285,0.07573146372443888
65,compsva25,table,bin,0.31763020892261384,0.3388819694519043,0.03930158690147585,0.05486733039826834,0.03976518852845976,0.06058856064563692
66,compsva34,balloon,bin,0.2789871331254577,0.001844152808189392,0.026997379181359738,0.04377617682147992,0.03167436531892588,0.05578470727678799
67,compsva34,balloon,table,0.2722888487867055,0.02013181522488594,0.027148102496687525,0.0510044321653858,0.03597774564933445,0.04550259094646422
68,compsva34,bin,balloon,0.5070262210668147,1.0165144205093384,0.4655193846975154,0.4522597973082687,0.4328807492206986,0.16637102037456913
69,compsva34,bin,table,0.293063886416697,0.7602112889289856,0.16217941856691714,0.09273208791650273,0.0725916633111026,0.18493421476205046
70,compsva34,table,balloon,0.5710123051243517,0.7293623685836792,0.5542104380188657,0.4946822408633633,0.4479319737348583,0.20324456220571682
71,compsva34,table,bin,0.3078700003184255,-0.1729380190372467,0.0354777376137586,0.055059282902715695,0.0370168415071134,0.06307368910797095
72,compsvi12,pencil,cup,0.2200008032791684,-0.10189096629619596,0.07839944293955198,0.023469005812525204,0.03325120713744944,0.04961936881137298
73,compsvi12,pencil,table,0.2271678928538243,0.011512283235788344,0.02298506036476361,0.015844906688982884,0.030393161630384982,0.040773482124276235
74,compsvi12,pencil,cube,0.2658146777691793,0.02013181522488594,0.03238511207998568,0.04516639814794912,0.03363180642535322,0.05522549598162017
75,compsvi12,cup,pencil,0.5032841509220857,0.4555397629737854,0.3300974550992544,0.04347274706443559,0.22334841959821847,0.21029040260864326
76,compsvi12,cup,table,0.2222521073955104,0.02013181522488594,0.02288172927298098,0.015838120049122616,0.029905932414175117,0.12655826420407099
77,compsvi12,cup,cube,0.3188978684989182,0.02013181522488594,0.03849496041471485,0.024947955441735063,0.04270993373597436,0.1518878303615286
78,compsvi12,table,pencil,0.467938622796444,0.5985152125358582,0.4641146697226132,0.4677046295390241,0.39607292445947134,0.17651467559007572
79,compsvi12,table,cup,0.455547002954409,0.6183743476867676,0.4459806709627008,0.4611949843596473,0.3811824825198882,0.16765853955488358
80,compsvi12,table,cube,0.4646436332023923,0.6332841515541077,0.4571516799170751,0.4616809722243278,0.3879793676643228,0.1711487768823283
81,compsvi12,cube,pencil,0.4961530519946125,0.4618193805217743,0.4031877218097221,0.05149911928854696,0.3041996299088536,0.12191886992574874
82,compsvi12,cube,cup,0.22682387196947884,-0.2691337168216705,0.07224497589415503,0.026288248460569628,0.03661298876648806,0.05751801099361529
83,compsvi12,cube,table,0.2026577147927829,0.02013181522488594,0.021439215962135653,0.01563703355113193,0.027164481648861743,0.0395793509690175
84,compsvi13,table,pencil (1),0.4750597444467696,0.7360055446624756,0.4661414978612525,0.4519422301842814,0.3880783972700215,0.17024663910269175
85,compsvi13,table,pencil,0.5022420032425298,0.5511072874069214,0.4616517400665658,0.05018956789875917,0.34114094034312065,0.16207033864643106
86,compsvi13,table,mug,0.5056065179367965,0.605182945728302,0.4596212902000818,0.05117893539917827,0.33512849653282484,0.15731965155738295
87,compsvi13,pencil (1),table,0.21897343567044847,0.02013181522488594,0.02260981356217604,0.041356821123031885,0.02946705919093668,0.040107339078268966
88,compsvi13,pencil (1),pencil,0.3180323292156957,0.02013181522488594,0.03774957600041567,0.022679676018461332,0.04297352047830644,0.06479082788681123
89,compsvi13,pencil (1),mug,0.20830819581584545,0.0014546997845172882,0.08413292228320653,0.022266690281869075,0.03210248148551633,0.04474238548120522
90,compsvi13,pencil,table,0.21017704791845127,0.02013181522488594,0.022092168923270008,0.039561889824236016,0.028199075484906917,0.03973439310867882
91,compsvi13,pencil,pencil (1),0.40213031437940855,0.4487726092338562,0.04322088087753219,0.029147280672322026,0.061215695582610724,0.07709266070549828
92,compsvi13,pencil,mug,0.3365671541390065,0.2982407510280609,0.10973065578583976,0.0278561830620342,0.061116898206187875,0.061939973626010565
93,compsvi13,mug,table,0.21466102264613032,0.02013181522488594,0.02271062649112865,0.04048051834865578,0.029076902824477106,0.12097403832178094
94,compsvi13,mug,pencil (1),0.39149251298004906,0.26993614435195923,0.10531931039114552,0.03928125459034024,0.05697677202219958,0.18590159303136158
95,compsvi13,mug,pencil,0.3316938458126563,0.02013181522488594,0.03846330086533218,0.025983641501288183,0.04585877894705477,0.15938770425481866
96,compsvi14,bowl,ball,0.33387867711819635,-0.18760302662849426,0.03400339324751171,0.03627550050803322,0.049593541728784614,0.15336517920843856
97,compsvi14,bowl,table,0.2183394928412316,0.02013181522488594,0.022740189890850863,0.041359208214057364,0.02943332375504978,0.12436719923999683
98,compsvi14,bowl,pencil,0.484329930251518,0.6857959032058716,0.4386466124342904,0.6899691757666065,0.36707854134196827,0.15662209474529387
99,compsvi14,ball,bowl,0.2125433532893736,0.08139543235301971,0.08926816352309579,0.023860597629035668,0.03716358664337496,0.04615001609252881
100,compsvi14,ball,table,0.22643816922300355,0.02013181522488594,0.02307519321797212,0.043958074805756864,0.03065748622553261,0.040306998618599335
101,compsvi14,ball,pencil,0.5037334855631866,0.8612369894981384,0.3919523308120423,0.02753782255856389,0.3104720303772593,0.11054662664115268
102,compsvi14,table,bowl,0.4975099795421989,0.5654938817024231,0.4546439619902775,0.05030388272861104,0.33540755224931706,0.15840328988933694
103,compsvi14,table,ball,0.4908655002297705,0.40291666984558105,0.3959553643064034,0.05352856660283265,0.2656774204209184,0.1335101926621298
104,compsvi14,table,pencil,0.4792070359346794,0.6281766295433044,0.4778057699662756,0.4539185845261269,0.4007290669727383,0.17941322798834014
105,compsvi14,pencil,bowl,0.2566661438542302,0.02013181522488594,0.0284920145933522,0.02275125830556389,0.03458349433742985,0.05622034113180027
106,compsvi14,pencil,ball,0.3633471467880525,0.09467577934265137,0.038927474593718384,0.03449919048675791,0.05421936134457492,0.07684497291079058
107,compsvi14,pencil,table,0.21871560902524154,-0.0022954083979129787,0.02234815538384893,0.04084261913315102,0.029117463330355888,0.040522570084364426
108,compsvi14a,bowl,cube,0.4924220779819611,0.2670664489269257,0.37248685161261297,0.03502099734340018,0.2453936772045317,0.1697839874890048
109,compsvi14a,bowl,table,0.21581418344140435,0.02013181522488594,0.022515305134219888,0.015823977036353992,0.028993802379696995,0.12213816870134782
110,compsvi14a,bowl,pear,0.5286819360502721,0.4875464737415314,0.4042816510622072,0.037741043251328384,0.2844135813222579,0.18807285555970815
111,compsvi14a,cube,bowl,0.22178259424034366,0.08679705858230591,0.08587701778105003,0.021254447962261586,0.035193072627039725,0.04502936037349646
112,compsvi14a,cube,table,0.21988198739180576,0.02013181522488594,0.022533462357594784,0.04142255798887162,0.02948194126239685,0.040189467845015564
113,compsvi14a,cube,pear,0.3919030847126907,0.32340022921562195,0.0359645952425433,0.029145699212634518,0.05444527632061857,0.08043966723788747
114,compsvi14a,table,bowl,0.4954699317977891,0.5570084452629089,0.4525379347031418,0.027869874975849505,0.3345185157530469,0.15786359756573629
115,compsvi14a,table,cube,0.4714281382587898,0.6113696694374084,0.4663255189803774,0.4519183239453458,0.3941396682457439,0.17473324943203375
116,compsvi14a,table,pear,0.4708161182022689,0.6297911405563354,0.4646873302603951,0.4513989418375921,0.3912543048828984,0.1732021089251416
117,compsvi14a,pear,bowl,0.2270007476442885,0.02013181522488594,0.0698746987258292,0.019490811698541183,0.03040835351379278,0.04660318416509053
118,compsvi14a,pear,cube,0.3179970755150749,0.009964647702872751,0.03898977084487922,0.025384178924798845,0.04588863456436807,0.06839849407976376
119,compsvi14a,pear,table,0.21953108257320228,0.003347868099808693,0.02242483533749122,0.04107642604921792,0.029266660529896907,0.040434423156127865
120,compsvi15,jar,pencil,0.4927747330093882,0.4896687865257263,0.4734339687045101,0.5072910628320715,0.3872076943269488,0.15207772749669904
121,compsvi15,jar,table,0.20628811781479567,0.02013181522488594,0.022110575792617517,0.03764772048721739,0.02898087662815322,0.10973523690989048
122,compsvi15,jar,box,0.3898250246546051,0.4904840886592865,0.04339382344707751,0.06071442473726853,0.05272399419361248,0.18077799544870682
123,compsvi15,jar,pear,0.3755507545766301,0.02013181522488594,0.048715112468527014,0.058636701779831525,0.05355420228557664,0.1783173658956476
124,compsvi15,pencil,jar,0.2030974402974266,0.02013181522488594,0.0230271671257658,0.01815492093129284,0.027064480965406944,0.047843241400814016
125,compsvi15,pencil,table,0.23056397834404924,-0.06907811760902405,0.02352471992775781,0.0431887178546658,0.030639927931402917,0.04100612469306059
126,compsvi15,pencil,box,0.2842034320649747,0.3839227259159088,0.08801831202027692,0.061033137808859626,0.04985631617451243,0.05853024329483107
127,compsvi15,pencil,pear,0.367320411426082,0.24352651834487915,0.04817930643150668,0.05877628794040422,0.05366872400658782,0.06883618343256116
128,compsvi15,table,jar,0.5217550634125994,0.6387734413146973,0.4729828961086651,0.05234815784476828,0.3384029111003031,0.15899630991869546
129,compsvi15,table,pencil,0.5160621272596462,0.7106536030769348,0.5216671962411531,0.463728657587773,0.42505631267009103,0.1899939664367974
130,compsvi15,table,box,0.5671555270285722,0.6566134095191956,0.5110493652712926,0.05476002227299965,0.3499400149022057,0.16631157977468497
131,compsvi15,table,pear,0.5709370250948274,0.4738037586212158,0.4326645484612825,0.05876912353970526,0.2784834487190426,0.13980458108694346
132,compsvi15,box,jar,0.35899513775329683,0.07872110605239868,0.047239758089503016,0.058571691627661675,0.05320832371235097,0.16833043153549104
133,compsvi15,box,pencil,0.5215843621516141,0.4418367743492127,0.5032924638696471,0.4919848043849137,0.4029622709087469,0.1655046631827011
134,compsvi15,box,table,0.22104747943492886,0.02013181522488594,0.02363020374103787,0.04216568464503045,0.030275893794228573,0.12546111147618377
135,compsvi15,box,pear,0.3655688709045381,-0.010898822918534279,0.03658459996386236,0.07490964265462376,0.05529963418238722,0.16897743684813335
136,compsvi15,pear,jar,0.3378338988546294,0.02013181522488594,0.04550681571094721,0.05443111202025455,0.04562142145483649,0.06448603037273039
137,compsvi15,pear,pencil,0.5048061691836705,0.2280140221118927,0.3935133942413353,0.055012412072067855,0.2714934782371816,0.10251812403209516
138,compsvi15,pear,table,0.23016527400960626,0.02013181522488594,0.024111118236219604,0.044772783393974114,0.03131246497654784,0.04042062495171527
139,compsvi15,pear,box,0.1071367792607882,-0.0635284036397934,0.03840226031260521,0.0226909718222472,0.018444080147627242,0.036466661643213466
140,compsvi16,table,bowl,0.4872548346647404,0.5245804190635681,0.4442748638433047,0.027855646613725644,0.3315946947222025,0.1560116644142261
141,compsvi16,table,pear,0.4965234588348802,0.3726651966571808,0.3962761847930288,0.054738173968570884,0.2632532606342707,0.13115772889109656
142,compsvi16,table,pencil,0.460328568569513,0.5700870752334595,0.4546458847670444,0.4672170860443126,0.3907265997370032,0.1738079978467751
143,compsvi16,bowl,table,0.21191597288598665,0.02013181522488594,0.022092024686936367,0.015796855436727642,0.02833891850746928,0.11939256360898957
144,compsvi16,bowl,pear,0.3504464201457899,0.3359549939632416,0.04405627482662945,0.05703662975795527,0.05145497145328493,0.16267668554834774
145,compsvi16,bowl,pencil,0.5375680267183273,0.4927983582019806,0.3738348740837587,0.03993770649675089,0.2513136175576234,0.20724900542725397
146,compsvi16,pear,table,0.2270565224128354,0.02013181522488594,0.0235665088342744,0.04420157980869903,0.0309321404201066,0.0402820747214997
147,compsvi16,pear,bowl,0.301401005291146,0.02466621994972229,0.03908955073320335,0.05082369631900825,0.04230923766760726,0.06253197795229572
148,compsvi16,pear,pencil,0.4130611257674868,0.15446780622005465,0.04578202906776278,0.05749941093906848,0.05178643574760136,0.08039152121459857
149,compsvi16,pencil,table,0.21797990197655848,0.02013181522488594,0.0222007002645027,0.01578726644133629,0.029061857172161518,0.04027487473568499
150,compsvi16,pencil,bowl,0.2523730925449774,0.033669952303171165,0.08508255280109794,0.024023496635405338,0.03753398933898435,0.05322557416604427
151,compsvi16,pencil,pear,0.3501400038379152,0.08368627727031708,0.045496000876714654,0.05617251523030988,0.050917103912415086,0.06772950208626449
152,compsvi23,table,box,0.3545604183044785,0.05234098434448242,0.03551938471550413,0.054813775404775,0.03649081464736648,0.07470119610719736
153,compsvi23,table,box (1),0.3127859944856952,-0.12814465165138245,0.0343367661164938,0.054320524768433305,0.0366628680483654,0.06425465045871397
154,compsvi23,box,table,0.23880005298210336,0.2893631160259247,0.12487442952172716,0.06668812186205697,0.051465792972813285,0.14496722757372066
155,compsvi23,box,box (1),0.2982961139301744,0.02013181522488594,0.030961609515720443,0.04060882240014845,0.03110383080768645,0.15275743729589408
156,compsvi23,box (1),table,0.29705852858730325,0.7888419628143309,0.15504918272187826,0.09190909970828527,0.07150677151544807,0.18483924548710173
157,compsvi23,box (1),box,0.5281122259124095,0.8561041951179504,0.4058626090422656,0.04340902202085365,0.3067340585068601,0.19229345455973382
158,compsvi24,cup,table,0.20441696397254908,0.02013181522488594,0.02144362752904673,0.015693753395701275,0.02717883079599221,0.1138955881024498
159,compsvi24,cup,cube,0.3185795912800197,0.02013181522488594,0.038645457197127885,0.024887336316133327,0.043425310544972257,0.1528653835465398
160,compsvi24,cup,pencil,0.4503257864515346,0.6941695809364319,0.3976882677274737,0.7428382143107409,0.3561046539843972,0.1530364076628734
161,compsvi24,table,cup,0.4546707256703833,0.6073492169380188,0.44472133378868056,0.4605145232548902,0.3801028684813759,0.16699930505325622
162,compsvi24,table,cube,0.4940667802476038,0.5801035165786743,0.4519936030293993,0.02762097225411413,0.33624106379971386,0.15871885619748508
163,compsvi24,table,pencil,0.4770983888394126,0.7573502063751221,0.4806043883922598,0.4800903124286803,0.4134445326588464,0.18713987953508698
164,compsvi24,cube,cup,0.3074802106323907,0.10200384259223938,0.09213519353950182,0.028284474774561606,0.04742570262456647,0.06714188009472905
165,compsvi24,cube,table,0.20760119307994512,0.02013181522488594,0.02209442891376519,0.01651458841257444,0.02844389338838304,0.041394086897342405
166,compsvi24,cube,pencil,0.5089023607214684,0.27222684025764465,0.4749193928670879,0.4692418281933066,0.3935755637133292,0.13762482688695632
167,compsvi24,pencil,cup,0.2463544764259185,0.02013181522488594,0.027520973240113444,0.0222808752206645,0.03152537672658532,0.057591143341234226
168,compsvi24,pencil,table,0.22082172406579856,-0.08799868822097777,0.02213624996850681,0.015821910542387057,0.028785244769283607,0.04105539560849764
169,compsvi24,pencil,cube,0.27001323956024165,-0.057520624250173576,0.03106966998418443,0.04635934342728733,0.03212044306206548,0.05413985298777239
170,compsvi24a,pear,cup,0.2490882219801965,-0.08340220153331758,0.027314140515323142,0.04695724956812505,0.03159136018426477,0.05545071106638795
171,compsvi24a,pear,table,0.2175497627290268,-0.06392194330692291,0.022067799694997583,0.039951384654803516,0.02855158119091396,0.04083985069755079
172,compsvi24a,pear,cube,0.27092151346705706,-0.12867501378059387,0.029197836770756595,0.04738177587757556,0.0309760163652649,0.05706894694220882
173,compsvi24a,cup,pear,0.4282445149406404,0.6567195057868958,0.30366309470529285,0.06195953363675232,0.2690165884942942,0.19696679411358253
174,compsvi24a,cup,table,0.2044331635471621,0.02013181522488594,0.02144603792391194,0.01569355295144015,0.027182011761880485,0.11390852486097289
175,compsvi24a,cup,cube,0.3419770735976093,0.032392717897892005,0.03711981533111308,0.025397637535251108,0.0416836311428674,0.1557485011541754
176,compsvi24a,table,pear,0.4865320050556261,0.6898600459098816,0.4888796198911009,0.4560530544240845,0.4082164540629461,0.18400525286401545
177,compsvi24a,table,cup,0.4546863254586265,0.6025872230529785,0.4447562978510053,0.46050835690710107,0.38004425322651225,0.16698392580038132
178,compsvi24a,table,cube,0.4671006848709925,0.6293383836746216,0.4603628048404912,0.4623364733916917,0.390307278590519,0.17241856097823635
179,compsvi24a,cube,pear,0.3811030141204473,1.3161650896072388,0.3113986258141149,0.35793837467070605,0.3154502066011229,0.0922281003336026
180,compsvi24a,cube,cup,0.1945255587216052,-0.21062608063220967,0.06530562282707036,0.024677057831338868,0.032083933755841496,0.05215324594163469
181,compsvi24a,cube,table,0.2143441112380344,0.02013181522488594,0.022454771933648268,0.015704051013402984,0.02880138218992312,0.039886621757276336
182,compsvi25,jar,pencil,0.4925663793919821,0.4913989007472992,0.4733614570211242,0.5073107128497417,0.3869991792915178,0.15192179708413608
183,compsvi25,jar,table,0.20313786090469552,0.02013181522488594,0.021806877854012738,0.03701528181353271,0.0284602746310756,0.10799350037424066
184,compsvi25,jar,box,0.3860024152882334,0.451422780752182,0.04285626157724863,0.06035256389385695,0.05234466512278396,0.1793882502878622
185,compsvi25,jar,pencil (1),0.5180131672748738,0.1438644975423813,0.043180227195405936,0.056773984242394875,0.048718835780360924,0.21670728291331204
186,compsvi25,pencil,jar,0.2066394339255008,0.02013181522488594,0.023222589633099068,0.018622006295427457,0.028198739819082577,0.04792053197923756
187,compsvi25,pencil,table,0.2326603424214209,-0.0673128217458725,0.023709460360401773,0.04371015338180267,0.03097455047703268,0.04107982985160514
188,compsvi25,pencil,box,0.26191186693407925,-0.11793455481529234,0.0844352417070994,0.0543179355189335,0.0445458866932163,0.057503240697671466
189,compsvi25,pencil,pencil (1),0.2583640193551864,0.005743981339037418,0.0306099930742411,0.04450825486522021,0.030421073640987003,0.04922431011855322
190,compsvi25,table,jar,0.52167012768694,0.6387880444526672,0.4729295627071228,0.05234006026226985,0.3383906231388399,0.15900214980367533
191,compsvi25,table,pencil,0.5157519510776089,0.7105439305305481,0.521339737249604,0.4636513017600334,0.42488125338698735,0.18992776788057078
192,compsvi25,table,box,0.5266906238525267,0.8041187524795532,0.5194984442259737,0.4623465954864439,0.4080417768859281,0.18095084528342423
193,compsvi25,table,pencil (1),0.5498023618284313,0.8258845210075378,0.5261602696547232,0.4715419933772332,0.4335429329109008,0.18994954461423763
194,compsvi25,box,jar,0.3606098476154311,0.13379599153995514,0.04692306261334196,0.058858736179075,0.05336898819649915,0.16889950219852579
195,compsvi25,box,pencil,0.5217886828014464,0.4401054382324219,0.5034654777825653,0.4919976306174564,0.4030028248415031,0.16562726860109733
196,compsvi25,box,table,0.21173713083744247,0.015307835303246975,0.02276061449388496,0.04000717474400718,0.028721298736711517,0.11948961737854527
197,compsvi25,box,pencil (1),0.4938816666808182,0.3322252631187439,0.04248536306980175,0.059308508371263675,0.05287367255414219,0.19157058444912517
198,compsvi25,pencil (1),jar,0.3160771814142145,0.2636151909828186,0.039110833957298016,0.04820772425462285,0.04246838780112863,0.06495564092830658
199,compsvi25,pencil (1),pencil,0.4984293808631034,0.14550167322158813,0.445709621475981,0.4343031645420057,0.3820901453428153,0.12376902917309537
200,compsvi25,pencil (1),table,0.2325908498295027,-0.054128032177686684,0.02412199404993365,0.04409214464213533,0.030967041660017024,0.04095332840867193
201,compsvi25,pencil (1),box,0.3175222067855345,0.16864536702632904,0.035541228075622225,0.06651488833497872,0.053367808020137686,0.061209341462332666
202,compsvi26,cup,table,0.204404914396552,0.02013181522488594,0.021442015587795685,0.01569375690642041,0.027176770370085826,0.113886702441169
203,compsvi26,cup,cube,0.3200465296930474,0.02013181522488594,0.03867938476303205,0.024915977616411386,0.04371242995220841,0.15401383553518322
204,compsvi26,cup,pencil,0.29547818479351845,0.0021599903702735897,0.03490241089784345,0.05009133272895274,0.036295983740457005,0.15474417216095543
205,compsvi26,table,cup,0.4819724129655081,0.5119090676307678,0.4394152216921671,0.0277489863672322,0.33061543187151804,0.15535345315593657
206,compsvi26,table,cube,0.49505267685069504,0.5750589370727539,0.4531021870043396,0.027622396933376408,0.3367872104993134,0.159084289606973
207,compsvi26,table,pencil,0.5213528651492322,0.6366965770721436,0.4733094986786479,0.05225305396043334,0.33883652203878706,0.1594300265112868
208,compsvi26,cube,cup,0.3154644466573539,0.0966767519712448,0.09351371293672074,0.028510232637610263,0.04897656644791385,0.06787420398090839
209,compsvi26,cube,table,0.20874033462150599,0.02013181522488594,0.02219844092159481,0.01655148601071602,0.0286463721830912,0.04143406870017411
210,compsvi26,cube,pencil,0.34136832344971285,-0.022796355187892917,0.03748665907178333,0.05186643698604261,0.03840533733718742,0.06416211403157378
211,compsvi26,pencil,cup,0.4237398891680301,0.07120229303836823,0.04648494963104087,0.05820406685007341,0.05242678912383278,0.0812192176561914
212,compsvi26,pencil,table,0.15709068687839406,0.012533131055533886,0.016394864091196615,0.027802162317703428,0.022116527485645708,0.041302554462977766
213,compsvi26,pencil,cube,0.371219755159363,0.02013181522488594,0.046686245047659336,0.057330316388018526,0.05227476031800439,0.06998857475289966
214,compsvi26a,lamp,pencil,0.2860606562356361,0.02013181522488594,0.033067747782293405,0.048683068694303167,0.03620716774280714,0.06254838135932504
215,compsvi26a,lamp,bowl,0.3184919279121041,-0.025767207145690918,0.039976755946127186,0.050068855811355874,0.03840202967840302,0.0594319518448171
216,compsvi26a,lamp,table,0.23839487909963825,0.02013181522488594,0.02475686286091858,0.049278138646434884,0.032788259878699384,0.04080526592841187
217,compsvi26a,pencil,lamp,0.2977479626859439,0.148989737033844,0.13192467007730346,0.07735223007056846,0.06090453619577123,0.004039409632753295
218,compsvi26a,pencil,bowl,0.3830778512930512,0.2266022861003876,0.04964075238304993,0.05623905843882025,0.05138902752860982,0.07040726678690831
219,compsvi26a,pencil,table,0.22350200730078035,0.02013181522488594,0.023406207599350453,0.04267577122783259,0.030178940228971274,0.04020413420325075
220,compsvi26a,bowl,lamp,0.39013765492742797,0.04339388757944107,0.05006986370493181,0.057788099883287286,0.05226050342119453,0.13182147926901555
221,compsvi26a,bowl,pencil,0.4803509990092407,0.02013181522488594,0.043492885374980465,0.05541423467906429,0.0459784240597678,0.21380351001983372
222,compsvi26a,bowl,table,0.22057763864336874,0.02013181522488594,0.02291074813050645,0.015861736095566573,0.029735972746778937,0.12538724438620052
223,compsvi26a,table,lamp,0.469325585069601,0.2816511392593384,0.04326192023998784,0.061656150748285524,0.04989192234707699,0.0029540420459230944
224,compsvi26a,table,pencil,0.5420940386773415,0.7068145275115967,0.5434036186309675,0.4697585320871758,0.4368505502200509,0.19439615537026286
225,compsvi26a,table,bowl,0.4922961496175488,0.5474535226821899,0.4492792149903439,0.02785775923477437,0.3333324564230835,0.15708623504613178
226,compsvi3,table,pencil,0.5019902244062089,0.5509417653083801,0.46138720653847204,0.05017729738417672,0.3410541472831283,0.16200664835285697
227,compsvi3,table,pear,0.5216915773971887,0.6784041523933411,0.4709995856680012,0.0524895980647293,0.33799458304509816,0.15796319022658947
228,compsvi3,table,mug,0.5052747605097474,0.6048935055732727,0.4592901228268406,0.051160204738436216,0.33502488252834983,0.15724297095857476
229,compsvi3,pencil,table,0.2125984783847148,0.02013181522488594,0.02234830177637999,0.04006029245096615,0.028686145384690862,0.040124362084464
230,compsvi3,pencil,pear,0.35947690283566364,0.05112123861908914,0.04540503236821113,0.056856077083074975,0.05178087677946935,0.0689074349107286
231,compsvi3,pencil,mug,0.3446959442004729,0.3071175813674927,0.10819884977535668,0.0279509189136515,0.06116419965377801,0.06351056306367028
232,compsvi3,pear,table,0.2302073802518769,0.02013181522488594,0.02408737623057752,0.04437244357697282,0.03148378455048253,0.040462809854933314
233,compsvi3,pear,pencil,0.3223019495953189,0.08327895402908325,0.03977714670466627,0.05286400994392538,0.04211999470056292,0.0615702002281213
234,compsvi3,pear,mug,0.32212299475579925,-0.024628594517707825,0.04208407399251688,0.05192484689449778,0.04696905440439436,0.06665824857774928
235,compsvi3,mug,table,0.2175100178394305,0.02013181522488594,0.022965542207203288,0.041080807801559455,0.02955184107151724,0.1226145951966521
236,compsvi3,mug,pencil,0.33277993350960605,0.02013181522488594,0.03868793696364695,0.025950827496239785,0.04604947481928137,0.15962890444658775
237,compsvi3,mug,pear,0.331796554220282,0.3162284791469574,0.043591116905460095,0.05378312996648449,0.047092309363258006,0.15550165226691762
238,compsvi34,table,pencil (1),0.4926136922547655,0.6757599711418152,0.4945936877970848,0.4575839005079202,0.4101081948599105,0.18389090449172796
239,compsvi34,table,pencil,0.5023474267336124,0.5520559549331665,0.4617734954589641,0.05019571506145682,0.3411815177059892,0.16209960691549533
240,compsvi34,table,mug,0.5054958312202066,0.6049935221672058,0.4594821279626552,0.05117624639951383,0.335060164256932,0.15726653525736983
241,compsvi34,pencil (1),table,0.2219939859777464,-0.042458873242139816,0.022632997455675853,0.0413007583921849,0.029428458767551863,0.04074968720834996
242,compsvi34,pencil (1),pencil,0.27362518112891543,-0.051678936928510666,0.03067400099765975,0.0472873921242137,0.03307690100988011,0.05448738190991655
243,compsvi34,pencil (1),mug,0.23973595613582224,0.02013181522488594,0.0256244782494368,0.021586553892404613,0.031365917164279805,0.05357869797467488
244,compsvi34,pencil,table,0.20765170250201284,0.02013181522488594,0.021917977642387704,0.03896184279875922,0.02795531152228375,0.03996133548461658
245,compsvi34,pencil,pencil (1),0.5123094143809586,0.3246813416481018,0.4803777015803362,0.4759451171684445,0.39311820853680995,0.1431618244645222
246,compsvi34,pencil,mug,0.34144516768109306,0.3115905821323395,0.10836362953050943,0.028079069528850937,0.06045063052491825,0.06337294109101362
247,compsvi34,mug,table,0.20933662124925992,0.02013181522488594,0.02222497398744855,0.03913886875587128,0.02822656856457487,0.11718748035108136
248,compsvi34,mug,pencil (1),0.4604067712420531,0.7459923028945923,0.4197401240946839,0.7046059149424132,0.3634046465365052,0.14809243254085966
249,compsvi34,mug,pencil,0.33327591660162514,0.02013181522488594,0.03862762932770198,0.026151714540221662,0.046256449755713434,0.16013921266256212
250,compsvi36,table,pencil,0.5019902046443806,0.5509415864944458,0.4613872061244108,0.05017729306652375,0.3410541483235618,0.16200664757358493
251,compsvi36,table,pear,0.5216915880219178,0.6784071326255798,0.4709995856454046,0.05248959170039945,0.3379946107106101,0.15796319795816907
252,compsvi36,table,mug,0.5052748766645644,0.6049154996871948,0.4592901174344738,0.05116017036320488,0.3350250762043152,0.1572430299375626
253,compsvi36,pencil,table,0.2125918466727916,0.02013181522488594,0.02234801520364328,0.04005487485731287,0.02868480158676375,0.04012436006779263
254,compsvi36,pencil,pear,0.3594770959788348,0.05114702880382538,0.04540479018332453,0.05685606850197015,0.05178081131615805,0.06890744953186245
255,compsvi36,pencil,mug,0.34470495492951364,0.3071043789386749,0.10819898120044708,0.027950916843994884,0.061166263579169475,0.06351100151456465
256,compsvi36,pear,table,0.2299753912359225,0.02013181522488594,0.02406106487318304,0.04433764929124873,0.03143441860629314,0.04042053482718435
257,compsvi36,pear,pencil,0.3223019495953189,0.08327895402908325,0.03977714670466627,0.05286400994392538,0.04211999470056292,0.0615702002281213
258,compsvi36,pear,mug,0.3220320727071333,-0.025062084197998047,0.04207632325884484,0.05188653818468413,0.046941995146293734,0.06664992294505528
259,compsvi36,mug,table,0.21669860582880693,0.02013181522488594,0.02286723566444096,0.04098792598618937,0.02937071223939709,0.12240059318701964
260,compsvi36,mug,pencil,0.3327796552905309,0.02013181522488594,0.03868792433453345,0.02595080168117765,0.04604939501280291,0.1596283948232936
261,compsvi36,mug,pear,0.3317584538264077,0.3165919482707977,0.043588379837135725,0.05377198968190619,0.04708392870263228,0.1554745670757911
262,compsvi45,table,pencil,0.5023534708119457,0.5514959692955017,0.4617729722332614,0.050194974355432916,0.3411887434831197,0.16210194216168625
263,compsvi45,table,cup,0.4754560559747236,0.2644719183444977,0.38435578076368304,0.02994183875166436,0.2606061365092892,0.13031156632700272
264,compsvi45,table,mug,0.505480955973846,0.6030568480491638,0.4594828472108672,0.05117803508788203,0.33504372054608483,0.15726145891619997
265,compsvi45,pencil,table,0.2083911320539185,0.02013181522488594,0.02199101183041953,0.03914466842888887,0.028077023195712838,0.039991289620268246
266,compsvi45,pencil,cup,0.3239665217184514,0.40966013073921204,0.1165920747792515,0.07540622188181323,0.060645988076229625,0.05975935418307564
267,compsvi45,pencil,mug,0.3438938430775919,0.31116002798080444,0.10890962804447454,0.02811472285944104,0.0611442217217266,0.06346921308930144
268,compsvi45,cup,table,0.20925968869182,0.02013181522488594,0.02192210346349341,0.01595412908069506,0.028030168361815343,0.11706748515692829
269,compsvi45,cup,pencil,0.30382708252834423,0.02013181522488594,0.035909380984333765,0.0516324348081706,0.03973382998222316,0.14648632633917402
270,compsvi45,cup,mug,0.3367622968527174,0.02013181522488594,0.0419075674778896,0.057474133979477336,0.047204230987734734,0.16501291288401268
271,compsvi45,mug,table,0.20803320315285087,0.02013181522488594,0.022098220816993242,0.03882083414714439,0.02801408801522786,0.11629147806967893
272,compsvi45,mug,pencil,0.3199872802350269,0.03248726949095726,0.038813283383374086,0.026074220559407096,0.04486516277906757,0.154457943727294
273,compsvi45,mug,cup,0.3128757380147981,0.01622707583010197,0.03762337600858099,0.057956401930980575,0.04928304092247052,0.15897651383238723
274,compsvi46,bowl,ball,0.3541955743436108,0.2643212378025055,0.043711846019138086,0.05823840437297489,0.05225566399349807,0.16560997318752316
275,compsvi46,bowl,table,0.21442203356958384,0.02013181522488594,0.02237636735529539,0.040385987006956316,0.02880007611856981,0.12160554644863188
276,compsvi46,bowl,pencil,0.4880656041385008,0.6901348233222961,0.4387325754340456,0.6887152038992899,0.36390523279177706,0.15878352154179035
277,compsvi46,ball,bowl,0.31924428119696924,0.004982990212738514,0.04153995128648042,0.0543237085300499,0.04735346508095648,0.06557952963476839
278,compsvi46,ball,table,0.22462646135302647,0.02013181522488594,0.02294325657810947,0.04350409924889217,0.03038013604096986,0.040236948844406276
279,compsvi46,ball,pencil,0.5139291520431645,0.037512417882680886,0.4333731521868667,0.0516580695597082,0.3206390362334949,0.11801999925289881
280,compsvi46,table,bowl,0.4975139695497806,0.5660536885261536,0.4546435574070485,0.05030337069192622,0.3354122854723815,0.15840477390400234
281,compsvi46,table,ball,0.4928646141701217,0.4167510569095612,0.3973276742454076,0.05363811881034849,0.266209732487584,0.13383569137027232
282,compsvi46,table,pencil,0.4791146412008238,0.6270220279693604,0.477644845229877,0.4538839237604457,0.4005801907041748,0.17932196971045836
283,compsvi46,pencil,bowl,0.24542276955749265,0.02013181522488594,0.027100876185761315,0.022785043475755086,0.032868152200186365,0.05546136563971203
284,compsvi46,pencil,ball,0.3567007286886624,0.02013181522488594,0.04436566346924538,0.056194570612391526,0.051069370287597934,0.06889387928117136
285,compsvi46,pencil,table,0.22423757148151124,0.0017914287745952606,0.022844813435866786,0.04220355067822139,0.030002303944138088,0.04072963160029877
286,compsvinew1,plate,table,0.2118335343827933,0.017420515418052673,0.022652316880116537,0.03998324717928739,0.02870486544851386,0.040533830931989465
287,compsvinew1,plate,cube,0.4512488041396248,0.1570584774017334,0.03431383597049447,0.031004676706655063,0.04354866766955317,0.11337149731825792
288,compsvinew1,plate,pencil,0.32408319669085617,0.11234024167060852,0.03816652037850194,0.05730772912187027,0.04340977925033872,0.06680764403357407
289,compsvinew1,table,plate,0.5422748885106966,0.5890405178070068,0.489282646208105,0.05374159955444131,0.34028035275339524,0.16049712362417023
290,compsvinew1,table,cube,0.4998119152777946,0.8176918029785156,0.4927394490981651,0.4581157189227788,0.4011999270641229,0.17634291040426922
291,compsvinew1,table,pencil,0.5903034417473366,0.6555134654045105,0.540087571479796,0.05334449603196361,0.37279491505643897,0.17807169157874203
292,compsvinew1,cube,plate,0.20072199109638647,0.02013181522488594,0.06303703534190573,0.0197720643619581,0.02987464544043351,0.045588942599719594
293,compsvinew1,cube,table,0.2335970294801405,0.02013181522488594,0.0241287067887183,0.04525978805386458,0.03190942635089162,0.04045543149306895
294,compsvinew1,cube,pencil,0.32783314791727963,0.044004272669553764,0.04079363621391496,0.05340026764682408,0.04320683202438787,0.06263021266068125
295,compsvinew1,pencil,plate,0.3413442329642809,0.3309248387813568,0.08972594193922001,0.06390465627674778,0.05158293438684253,0.07311185981761884
296,compsvinew1,pencil,table,0.16027718635904456,0.01958281733095646,0.016761808609905452,0.029480133497975063,0.022746076813458603,0.04123724643670324
297,compsvinew1,pencil,cube,0.5521375206238844,0.31035366654396057,0.4506918371571798,0.05365710093026005,0.32026827296314264,0.12308755971160477
298,compsvinew2,mug,table,0.22263389060884875,-0.17739605903625488,0.02221730005945452,0.03963763984814623,0.02841621665278894,0.12950911821527922
299,compsvinew2,mug,box,0.2749588115749829,-0.06715573370456696,0.03140481162615115,0.04697789635843851,0.032389005059405056,0.14851258850815233
300,compsvinew2,table,mug,0.511270884057045,0.9038358926773072,0.5253995433018489,0.4654428904485433,0.4423763803104021,0.1973735807681908
301,compsvinew2,table,box,0.5192685852024747,0.4438677430152893,0.406962881410277,0.05682853854236913,0.2655463999713565,0.13198840188416353
302,compsvinew2,box,mug,0.4382067477497725,0.8210128545761108,0.38627050845629707,0.459857678892512,0.37357276282908797,0.1507808428207289
303,compsvinew2,box,table,0.21428009850750893,0.02013181522488594,0.02291797216592764,0.040914083450609366,0.029292098863543475,0.12152797537110005
304,compsvo12,box,book (1),0.5128538308558861,0.7526847124099731,0.4547661761560121,0.464110394864817,0.4234326281569877,0.17328984362752145
305,compsvo12,box,book,0.4589608433054461,0.7450141906738281,0.3594824886372271,0.4709814203389559,0.4079150161908578,0.1579374642868142
306,compsvo12,box,table,0.2340030140616697,0.5979403257369995,0.12654957555974686,0.0634117990439637,0.04919515679671697,0.13884701118486875
307,compsvo12,book (1),box,0.28382646214643675,-0.040583446621894836,0.03003639317236506,0.04245238138492696,0.029625457124760456,0.05142389764827406
308,compsvo12,book (1),book,0.3839880105337484,0.028382664546370506,0.05096772579120274,0.059477965907343125,0.05422831438473693,0.07019164644897556
309,compsvo12,book (1),table,0.19640549353064707,0.013974381610751152,0.020818390232874958,0.03671809778107932,0.0266959882951273,0.04013552471629408
310,compsvo12,book,box,0.2643055197764641,-0.09977607429027556,0.02527733974390953,0.032403741847169966,0.023118828807382003,0.04654196541408689
311,compsvo12,book,book (1),0.3921089666153053,0.03326096013188362,0.05149624009923449,0.05957918105822799,0.054046201435240734,0.07166117737905166
312,compsvo12,book,table,0.2406332645112504,-0.004994215443730354,0.028583871158048325,0.04376044959889567,0.031888683367477015,0.046117826324474254
313,compsvo12,table,box,0.3162315214568632,-0.05429976060986519,0.03240654605868217,0.0537152912311852,0.03577771421678843,0.06739429759066856
314,compsvo12,table,book (1),0.5324642041204523,0.570649266242981,0.4825284751361145,0.053051620321159836,0.3387698071539304,0.15991844700115868
315,compsvo12,table,book,0.593397691131094,1.0579036474227903,0.4775675223125143,0.05604654849310688,0.35601087885493216,0.15883403659771986
316,compsvo12v,board,book,0.4423057114871852,0.3637642562389374,0.4266344575065253,0.5385153159093976,0.37754937803176986,0.1666685765749966
317,compsvo12v,board,table,0.22087034418312784,0.02013181522488594,0.02338291843490747,0.041781922611945584,0.029902076950535914,0.041006750127621026
318,compsvo12v,board,clock,0.3143119020220102,0.23682814836502075,0.033248301760425716,0.04571536379506402,0.03815118597147498,0.08527942597442886
319,compsvo12v,book,board,0.22579329262118106,0.02013181522488594,0.023835133411763614,0.017600163346994362,0.030123716042512905,0.04441917430673651
320,compsvo12v,book,table,0.21999791889771314,-0.13051652908325195,0.02034273459229124,0.03293223537149257,0.024170737345826504,0.03963472087596637
321,compsvo12v,book,clock,0.269849011503038,-0.09325653314590454,0.03179384794136393,0.047402015801922506,0.03258542429726902,0.05089466253348363
322,compsvo12v,table,board,0.5364340303762902,0.7581020593643188,0.5224764082231279,0.4469779584319304,0.3940063308467409,0.17801607780026868
323,compsvo12v,table,book,0.4886481704909335,1.0503489971160889,0.4626898855748838,0.4747885431162739,0.4618625960175166,0.15953894378244649
324,compsvo12v,table,clock,0.518374020393423,0.9983059763908386,0.4946891761663378,0.4788388973603328,0.47597842463979206,0.1724006438219702
325,compsvo12v,clock,board,0.11623400665076893,-0.04726418480277062,0.03993876764059018,0.024312667603960947,0.01949968780188535,0.038243872584526925
326,compsvo12v,clock,book,0.4987979608235232,0.3862617313861847,0.4567173556827177,0.4642392965512286,0.38489587946016013,0.13117139293530297
327,compsvo12v,clock,table,0.2253833850302075,-0.17149201035499573,0.021451928733232685,0.03583527214651178,0.025988134882944318,0.04029147787072788
328,compsvo13v,jar,board,0.4306555409984999,0.5461041927337646,0.047036147358520485,0.06752052254018051,0.058410746641833,0.2026603012697397
329,compsvo13v,jar,book,0.5242383077511902,1.0304197072982788,0.4936434427603154,0.5018694468075979,0.4558466787041863,0.16725271577775838
330,compsvo13v,jar,table,0.20321833606187029,0.02013181522488594,0.021862334292423444,0.03652490114110806,0.02867347764261257,0.10648740701983403
331,compsvo13v,board,jar,0.28313317548246364,0.25772008299827576,0.033917350024536795,0.04937227745494766,0.03518188499697262,0.05512899283300565
332,compsvo13v,board,book,0.4422641269810972,0.35828840732574463,0.42662661246541295,0.5385113914848068,0.3774753245859648,0.16664793264003144
333,compsvo13v,board,table,0.22141248154045,0.02013181522488594,0.023438740222734625,0.04191890654065476,0.029993125101006168,0.041027338143642
334,compsvo13v,book,jar,0.27690937351778216,0.02013181522488594,0.028292914067570438,0.04044895936581579,0.028932267618506282,0.054288256779455785
335,compsvo13v,book,board,0.2266361082566329,0.02013181522488594,0.0239156322562107,0.017608652118350485,0.03025798880280965,0.04445445085515638
336,compsvo13v,book,table,0.2265292358596556,-0.2146165668964386,0.0208399558160654,0.034039485501703395,0.02493285209233188,0.039869040338595514
337,compsvo13v,table,jar,0.5105684541021687,0.6952314376831055,0.4745622789278428,0.051097582109139714,0.35214739824570296,0.16233356212926445
338,compsvo13v,table,board,0.5364385205896193,0.7582791447639465,0.5224756699255305,0.4469804079082612,0.3940130402672201,0.17801811729652714
339,compsvo13v,table,book,0.4886477221357232,1.0503931045532229,0.4626899516066675,0.4747881679267427,0.4618612110752035,0.15953876314202706
340,compsvo14,book (1),book,0.2631525947043197,0.02013181522488594,0.027347432130390318,0.02127051189542724,0.034078056834164185,0.05337437427746241
341,compsvo14,book (1),table,0.2307932807097373,0.007003379985690117,0.02396810284778731,0.044300173911690666,0.03127614589809768,0.04113165702713511
342,compsvo14,book,book (1),0.4327982259981021,0.6117740273475647,0.3792107817671584,0.7221049333784294,0.3438381770482227,0.12440313303582537
343,compsvo14,book,table,0.1974921316987389,0.014216179959475994,0.02109775168504396,0.037259223199193885,0.027100971966506352,0.040436911669764035
344,compsvo14,table,book (1),0.5232180949491817,0.8346754312515259,0.5141466987300134,0.4615999810827427,0.4050441524386485,0.17900757988851312
345,compsvo14,table,book,0.5562503814303947,0.6805495619773865,0.5015994779225984,0.054301276709159775,0.34695200324512804,0.16428202821675145
346,compsvo14a,box,book,0.5876752873191052,0.4742645621299744,0.4651298755591705,0.0565116530035302,0.3496116300910493,0.18859110057293185
347,compsvo14a,box,table,0.2322899541457041,0.02013181522488594,0.02476219165424,0.04438404590666562,0.031993619758879766,0.13356299402806937
348,compsvo14a,book,box,0.2645276937618044,-0.07799117267131805,0.03060776677615237,0.04824829002445345,0.03436205570833941,0.051889047144603226
349,compsvo14a,book,table,0.24243588974080005,-0.14949360489845276,0.024136551813580646,0.044832253458415496,0.03171917130669545,0.04233444776605545
350,compsvo14a,table,box,0.5667250814797248,0.6971141695976257,0.5029151679794757,0.055143036037250064,0.3467517226500525,0.16329940445019467
351,compsvo14a,table,book,0.5313132532687962,0.8333936333656311,0.5514762550943842,0.4669652732252291,0.4402446182817685,0.20041644887609922
352,compsvo14v,jar,board,0.44508597096799335,0.16240425407886505,0.04954096981808297,0.060146427035371236,0.054216759523646116,0.1973608317566279
353,compsvo14v,jar,book,0.525143027135161,0.8148382902145386,0.4742202407779732,0.4846359066591533,0.4460858902352305,0.1718717503089861
354,compsvo14v,jar,table,0.1952527648736451,0.02013181522488594,0.02081872631463986,0.0172832673748881,0.027169413033244445,0.10118770868121915
355,compsvo14v,board,jar,0.2922115010102431,-0.09445680677890778,0.03573977109737045,0.05024927587205931,0.03579561325084886,0.05418900650164954
356,compsvo14v,board,book,0.4422715246191212,0.3591799437999725,0.4266288416422329,0.5385123213081786,0.3774876212665775,0.166651393564712
357,compsvo14v,board,table,0.22081443109258445,0.02013181522488594,0.023377148170337373,0.04176780090532847,0.02989268314970208,0.0410046237394787
358,compsvo14v,book,jar,0.2754369648419576,0.02013181522488594,0.029488313332057262,0.04069223026940165,0.028740358025535432,0.05099691180383873
359,compsvo14v,book,board,0.2264641248161566,0.02013181522488594,0.02389928359948772,0.01760692757843348,0.03023062397091832,0.04444726183697955
360,compsvo14v,book,table,0.2344809014171508,-0.3356153070926666,0.021368333201220908,0.035366654645462084,0.02581870691417416,0.04014656907283388
361,compsvo14v,table,jar,0.481309289985909,0.5433207154273987,0.4489864566691032,0.027200574083844627,0.3458720427000421,0.1599322962897269
362,compsvo14v,table,board,0.5364375499787016,0.7582405209541321,0.5224758479730847,0.44697987466194267,0.3940115791064656,0.17801767352168715
363,compsvo14v,table,book,0.4886473048636914,1.0504339933395386,0.4626900110413247,0.4747878195253736,0.4618599251683272,0.1595385953727317
364,compsvo16,balloon,book,0.28929066173860885,-0.12647897005081174,0.03119675139132558,0.04408038918001797,0.030450448463073893,0.05163226096696807
365,compsvo16,balloon,table,0.26417601156907144,-0.003462992608547211,0.025277760715580414,0.0481666304644379,0.03417065865265168,0.04468826193447005
366,compsvo16,book,balloon,0.5687477239148367,0.7271803617477417,0.4929022767173797,0.4927139066211532,0.4575284851887604,0.1355687682655049
367,compsvo16,book,table,0.1923717985121044,0.009471705183386804,0.020529563252500955,0.03582004501407026,0.026115878329123397,0.04005368909857108
368,compsvo16,table,balloon,0.5459255965930915,0.8476085066795349,0.5693372859133233,0.4698003135608042,0.4474916606451646,0.20313417065087028
369,compsvo16,table,book,0.5407282548508486,0.5961735844612122,0.4905357244823129,0.053447217687837036,0.3419439162630671,0.161922148046843
370,compsvo16a,balloon,book,0.3084799129516757,0.4474424421787262,0.028876360961169637,0.034481662207752,0.026341872588328062,0.06110305505712439
371,compsvo16a,balloon,table,0.268887198736274,0.00908090267330408,0.032645052890548955,0.04846851449873306,0.03667309675827141,0.05211251845182805
372,compsvo16a,book,balloon,0.3565723351868103,0.4466716647148132,0.035394496889535144,0.04115513900656937,0.0358429664334751,0.06441037200449806
373,compsvo16a,book,table,0.1923023208382456,0.009420905262231829,0.020523165869856825,0.035803390666523494,0.026104641906804008,0.040050450237023257
374,compsvo16a,table,balloon,0.4769536347647682,0.6123501658439636,0.050808743447144686,0.0634261447086666,0.05525453701517023,0.09761604752802135
375,compsvo16a,table,book,0.540728159992944,0.5961626172065735,0.4905357374171576,0.05344722907536858,0.3419438193032802,0.16192211707284632
376,compsvo17,box,book,0.6111580962313713,0.8527570366859436,0.5327523233705258,0.5024269875565957,0.4751241511742741,0.1876626572955497
377,compsvo17,box,table,0.2973792415338235,0.7222845554351807,0.15414698666041232,0.09280605123011908,0.07199695719568931,0.1853144082212766
378,compsvo17,book,box,0.2984150730354032,-0.030730225145816806,0.03046733884941407,0.04931270598733668,0.03504659977429279,0.05534649604984037
379,compsvo17,book,table,0.2002941101933289,0.02013181522488594,0.02136306392795536,0.0370427203434954,0.02739507860072378,0.04143101627757093
380,compsvo17,table,box,0.3154781339185418,-0.1298540085554123,0.03444973675040197,0.05423007563280895,0.036591012799206436,0.06458461878544101
381,compsvo17,table,book,0.5407008970786928,0.5961111783981323,0.4905051129255734,0.05344610440143489,0.3419310124484449,0.1619123835164085
382,compsvo18,box,book,0.5724696059458667,0.6622632741928101,0.4968819039270792,0.4903871888569373,0.4525594970232585,0.18719552374464854
383,compsvo18,box,table,0.3662608749001559,0.24107395112514496,0.051969844304926925,0.05733652728337851,0.050900146380940564,0.17637917231768552
384,compsvo18,book,box,0.29107209605031265,-0.1550413966178894,0.03197148622502611,0.04561106836932933,0.031311834545228484,0.05194301563912483
385,compsvo18,book,table,0.1938221563861405,0.012695192359387876,0.02070477955587646,0.035951300794878537,0.02643786069036116,0.04046810965431265
386,compsvo18,table,box,0.30815533373143816,0.7403672933578491,0.039171198762550916,0.053488528014394944,0.03854024300080173,0.05571416464841642
387,compsvo18,table,book,0.5407041738990138,0.5958510637283325,0.4905110369118305,0.05344675335212068,0.34193132188018754,0.16191353335221548
388,compsvo19,box,book,0.40370460884909204,1.0282750129699707,0.4298731384519258,0.4826866633006247,0.3910526141154636,0.14307151372757176
389,compsvo19,box,table,0.3702401687944839,0.3082285225391388,0.049881779893833585,0.055243279680806265,0.048570211517352815,0.1815612935739967
390,compsvo19,book,box,0.24199683370446,-0.3067249357700348,0.022158613412807098,0.027422741620838846,0.019518226178848932,0.04366621151245667
391,compsvo19,book,table,0.19387372369358014,0.012732409872114658,0.020709544663720183,0.03596359030262086,0.02644626991403112,0.040470521503311624
392,compsvo19,table,box,0.31228612703013137,0.3913545608520508,0.03822133534327344,0.052146013487154703,0.03735613104559042,0.056698834569827064
393,compsvo19,table,book,0.5407022306346543,0.5956410765647888,0.4905112334287085,0.05344696579340662,0.3419294087207769,0.16191288305979679
394,compsvo23v,jar,board,0.4308342754479885,0.556772768497467,0.04693558050513049,0.0675271073195051,0.058387181249225414,0.20267611992725962
395,compsvo23v,jar,table,0.20369768701821467,0.02013181522488594,0.021910527725626155,0.03663472204079736,0.028758338235774714,0.10678365683106898
396,compsvo23v,jar,clock,0.4854453371956469,1.1009540557861328,0.4301961559420113,0.4727059824487551,0.41800508400905295,0.16461985359687206
397,compsvo23v,board,jar,0.2828366417754916,0.2250801920890808,0.03404120489100527,0.04935144362908726,0.0352032695891309,0.05511042159812041
398,compsvo23v,board,table,0.22081443109258445,0.02013181522488594,0.023377148170337373,0.04176780090532847,0.02989268314970208,0.0410046237394787
399,compsvo23v,board,clock,0.3110463797058172,-0.0014659017324447632,0.033417272969254425,0.045328225089936135,0.03795152725419016,0.08499770458258665
400,compsvo23v,table,jar,0.5105681234471324,0.6951902508735657,0.4745622857552462,0.05109761949269269,0.35214700273044586,0.1623334427346654
401,compsvo23v,table,board,0.5364272996767186,0.7578437328338623,0.522477127289528,0.4469743657862999,0.39399650133485614,0.17801308186158563
402,compsvo23v,table,clock,0.5183768815154504,0.9980923533439636,0.4946893624772153,0.4788408240718395,0.4759860771602518,0.17240180771888575
403,compsvo23v,clock,jar,0.27409381554237033,0.02013181522488594,0.03016051845311409,0.04198726491576582,0.02955172275249315,0.051415894427770545
404,compsvo23v,clock,board,0.11546650498155407,-0.08221155405044556,0.039729720061221774,0.024095814353116217,0.019327179802309,0.03817207263834783
405,compsvo23v,clock,table,0.2255809489151649,-0.16176335513591766,0.021472853516891467,0.035845394066230545,0.02600952011897027,0.040340842117542595
406,compsvo24,pear,book,0.21863274885746364,0.02013181522488594,0.022679463260961614,0.04140145258765132,0.029439257553725742,0.04074829360790657
407,compsvo24,pear,table,0.2272911793935215,0.02013181522488594,0.023897408678291085,0.04327878668068984,0.030541873090654374,0.0404796922996802
408,compsvo24,book,pear,0.4915513496824218,0.522292971611023,0.4624448265662092,0.04950656376457563,0.3508297370619219,0.16205285181987258
409,compsvo24,book,table,0.23611573035175434,0.02013181522488594,0.027776967012037225,0.04290794029675017,0.031382638422454416,0.045588886542704446
410,compsvo24,table,pear,0.5355524832935344,0.982885241508484,0.5018525042411611,0.4676901537636648,0.4164292465608416,0.17958495245805053
411,compsvo24,table,book,0.5920882383511222,1.04351806640625,0.4810317589014453,0.05603837624414233,0.3558440403728186,0.16072894093743045
412,compsvo24v,jar,board,0.44575847016642106,0.17359647154808044,0.049795372793402536,0.06027611066203245,0.054341250113300515,0.1977554287115925
413,compsvo24v,jar,table,0.19644952440997893,0.02013181522488594,0.020994492043651527,0.03487987023644009,0.02740689273847576,0.10199623151847373
414,compsvo24v,jar,clock,0.5421079805021856,0.8472809195518494,0.4799588817178591,0.4893485040664109,0.4527179332851882,0.1768152714524934
415,compsvo24v,board,jar,0.29627973946030056,-0.0100986547768116,0.03528837320420772,0.05087450537995171,0.03597851939336956,0.05435953334972705
416,compsvo24v,board,table,0.2304096743380029,0.02013181522488594,0.02432198391627525,0.0442039018214237,0.03148863201924889,0.04136181903247351
417,compsvo24v,board,clock,0.3149479477241616,0.32736113667488104,0.033083546554804444,0.0457577849593042,0.03812720925161337,0.08534611143869492
418,compsvo24v,table,jar,0.4891633503517291,0.59791100025177,0.4565908613333414,0.04935047182992388,0.3483419513290941,0.1611774549470079
419,compsvo24v,table,board,0.5364359639137305,0.7581777572631836,0.5224761167928278,0.4469790078023129,0.394009204438165,0.17801695184788882
420,compsvo24v,table,clock,0.518378863484906,0.9979427456855774,0.4946894565813094,0.4788421697149883,0.4759914243959408,0.17240262009225704
421,compsvo24v,clock,jar,0.27835323562575004,-0.012755606323480606,0.030135139455728814,0.04110462421700043,0.028975782873500437,0.050920916429877595
422,compsvo24v,clock,board,0.1154430202353631,-0.08326037228107452,0.03972321428338839,0.02408917714100285,0.019321889066964252,0.038169877761336034
423,compsvo24v,clock,table,0.2269300653008433,-0.18922297656536105,0.021582340234332455,0.03612634678251957,0.026186423896040104,0.04034661665558056
424,compsvo26,balloon,book,0.25792743252424216,-0.18258392810821533,0.02438825497587228,0.031012213301831675,0.02203086445855091,0.04580222081421328
425,compsvo26,balloon,table,0.26417601156907144,-0.003462992608547211,0.025277760715580414,0.0481666304644379,0.03417065865265168,0.04468826193447005
426,compsvo26,book,balloon,0.4586769274661582,0.9077699780464172,0.3750431102255267,0.492154523963346,0.4221705428652113,0.10564185633427114
427,compsvo26,book,table,0.23617142259276944,-0.006563747301697731,0.027793119315286063,0.04308963814095156,0.03138182952290993,0.045645967163138304
428,compsvo26,table,balloon,0.5459255937761296,0.847608745098114,0.5693372866853941,0.4698003118312256,0.4474916547013307,0.20313416851454386
429,compsvo26,table,book,0.5902231277499049,1.0476655960083008,0.4800412698178717,0.05586838091033655,0.35581141191565113,0.16032603109567264
430,compsvo27,box,book,0.5496435039848061,0.6435906887054443,0.42245094784034426,0.4935115081953352,0.4509013216134989,0.1886853754866863
431,compsvo27,box,table,0.2862317571688774,0.6813862323760986,0.15393948402803256,0.09158551925684748,0.0714787977487783,0.17918807914865634
432,compsvo27,book,box,0.28512375524683303,-0.3299113512039185,0.031288530653737365,0.04469281548699917,0.03003514641210085,0.051435557132974596
433,compsvo27,book,table,0.2374286342896388,0.02013181522488594,0.028128425299572195,0.042992273014144634,0.03156649063122552,0.04614520252865571
434,compsvo27,table,box,0.3236065919189132,-0.13324809074401855,0.03463829957436673,0.05446720607256865,0.03666966950378685,0.0664184048265544
435,compsvo27,table,book,0.5930725753238487,1.0187197923660278,0.4899302812523898,0.05605189079000538,0.35582274668949765,0.16033103479667393
436,compsvo28,box,book,0.5520403119918631,0.6375089287757874,0.5430447380400757,0.5012844932363321,0.4380652709983345,0.17307028380163164
437,compsvo28,box,table,0.3647523032430009,0.247317835688591,0.052210318685800734,0.05749160801875846,0.05107906191157622,0.1760898588676237
438,compsvo28,book,box,0.2859270129540857,0.014761978760361671,0.030974033303628933,0.04736534275568171,0.033639684131018394,0.05569264577451282
439,compsvo28,book,table,0.2489393897189168,-0.011510822921991348,0.029754766664232726,0.0454772738647043,0.033157383920468284,0.047028059474110914
440,compsvo28,table,box,0.3081861869582981,0.7393282055854797,0.03916306891324208,0.05348211013976211,0.03853172816252027,0.05571953983959765
441,compsvo28,table,book,0.5960437176932543,1.0512453317642212,0.4787740885158978,0.0561562684931659,0.3560225516517902,0.15807420984430187
442,compsvo29,box,book,0.5393337191773739,0.5007902979850769,0.4968837003272848,0.4797397806109816,0.4211625288450444,0.17692065606895244
443,compsvo29,box,table,0.3722473974380182,0.3380228877067566,0.05072172950141402,0.05593722007465645,0.04916556838143837,0.18337081251058943
444,compsvo29,book,box,0.2846542667783722,-0.1095670610666275,0.03225818551509567,0.04785135355512001,0.032773879995398915,0.052443795207823524
445,compsvo29,book,table,0.2463558608570681,-0.006874825805425644,0.029448821187069874,0.04487544919317577,0.032756727778871675,0.04692587233080175
446,compsvo29,table,box,0.3113692832931626,0.4259518384933472,0.03811403675564679,0.052061854588231496,0.03725250345647478,0.056597950523326085
447,compsvo29,table,book,0.5960417858998177,1.0512038469314575,0.4787742573106285,0.05615646093338871,0.35602089738351306,0.1580737643925279
448,compsvo34v,jar,book,0.3296990469072668,-0.000554598867893219,0.04150220370834632,0.053947743609132084,0.04196655160483461,0.16960598165842
449,compsvo34v,jar,board,0.4308414630799736,0.5572344660758972,0.046931113394993916,0.06752728332783213,0.0583860468389899,0.20267649937954685
450,compsvo34v,jar,table,0.2033896699340916,0.02013181522488594,0.021879592442129458,0.036564152897238564,0.02870382094868008,0.10659330795330058
451,compsvo34v,book,jar,0.3792419586243917,0.02013181522488594,0.04992124422671353,0.0590550492133096,0.05397077075534197,0.07003733457009151
452,compsvo34v,book,board,0.3893668151548975,0.024130232632160187,0.0504797849367176,0.058332668886972784,0.05289545001619986,0.07054945003496833
453,compsvo34v,book,table,0.19484886792615608,0.017230717465281487,0.02062663945708177,0.0363747066745581,0.02643611243386132,0.039914367752553484
454,compsvo34v,board,jar,0.2831013961314443,0.253476619720459,0.03393481557068731,0.04937118894420327,0.03518581581526517,0.055126830994691754
455,compsvo34v,board,book,0.3053858206672333,-0.14884363114833832,0.03557620769301851,0.050083503196065235,0.03534578272773912,0.054942910244743265
456,compsvo34v,board,table,0.22125949658428148,0.02013181522488594,0.023423011536965608,0.04188024053529305,0.02996743890817715,0.04102153385763959
457,compsvo34v,table,jar,0.5105641937057579,0.6947064995765686,0.4745623027277767,0.05109805593199837,0.3521423425189662,0.16233203446855948
458,compsvo34v,table,book,0.5233967582769522,0.5693418979644775,0.4754010714144925,0.0524100498500682,0.3375166660748305,0.15927051937144032
459,compsvo34v,table,board,0.5364380934356936,0.7582621574401855,0.5224757495628272,0.4469801729719056,0.3940123964758932,0.17801792179442968
460,compsvo67,balloon,box,0.2651547184750944,0.02013181522488594,0.02595218800752879,0.03498355699780793,0.02508503850441784,0.04876695191278839
461,compsvo67,balloon,table,0.26417601156907144,-0.003462992608547211,0.025277760715580414,0.0481666304644379,0.03417065865265168,0.04468826193447005
462,compsvo67,box,balloon,0.4797350430698221,1.0573189258575442,0.4207117448865713,0.4815899254853603,0.4309635751160905,0.15811716845665738
463,compsvo67,box,table,0.2862318190561495,0.6813440918922424,0.15393901133600346,0.09158584732397697,0.07147895374985809,0.1791880506228428
464,compsvo67,table,balloon,0.5459255976707054,0.8476083874702454,0.5693372856179397,0.4698003142224503,0.4474916629189653,0.20313417146811652
465,compsvo67,table,box,0.3248295790970572,-0.13375602662563324,0.03466145605376703,0.05450050926915305,0.036679787583492766,0.06669635948488135
466,compsvo68,balloon,box,0.2819970315415671,-0.020823229104280472,0.02974177821149797,0.042129381098534584,0.029448055521818093,0.05140789245483783
467,compsvo68,balloon,table,0.26808792039735885,0.006923739798367024,0.02587774612764354,0.049437263900690406,0.03481803194194095,0.04466528769648853
468,compsvo68,box,balloon,0.5378592827064689,0.7724464535713196,0.4857695716147839,0.48621232126593,0.4487455747302057,0.17552483870606017
469,compsvo68,box,table,0.3673898893982125,0.2521074712276459,0.05219427035528132,0.05687749115016257,0.05072350753252093,0.17622403860763158
470,compsvo68,table,balloon,0.5667317018594186,0.8467436432838441,0.575594913684003,0.4754841401967917,0.4604791131801481,0.20460204685569708
471,compsvo68,table,box,0.3086891782845419,0.7190017700195312,0.03914129123222454,0.053631002538858254,0.038643620481039864,0.05559289749471758
472,compsvo68a,balloon,box,0.2488069244850959,0.02013181522488594,0.028468426173632638,0.04135124753509435,0.02988483148493605,0.054129196394983786
473,compsvo68a,balloon,table,0.268887198736274,0.00908090267330408,0.032645052890548955,0.04846851449873306,0.03667309675827141,0.05211251845182805
474,compsvo68a,box,balloon,0.5413776002213956,0.5250855088233948,0.5230981687635992,0.4924851039550793,0.4215714292807401,0.1699365763354336
475,compsvo68a,box,table,0.3673159887007063,0.25132104754447937,0.05217402209249843,0.05686487425323821,0.050711185796042335,0.17618642346529698
476,compsvo68a,table,balloon,0.4769536468002117,0.6123533844947815,0.05080871208465978,0.06342614191448004,0.05525452917644416,0.09761604911265052
477,compsvo68a,table,box,0.3086891243996516,0.7189826965332031,0.039141433185767814,0.053631023723799916,0.038643660876237176,0.055592891292618546
478,compsvo69a,balloon,box,0.2814393378716592,-0.08046190440654755,0.03260355575463366,0.04721455798876052,0.0325702158237432,0.0520674911286131
479,compsvo69a,balloon,table,0.2767891234894232,-0.05282993987202644,0.033790934235826804,0.050145482077449816,0.037381176318234025,0.051390450259710584
480,compsvo69a,box,balloon,0.54576593311656,0.36049485206604,0.5045902763245063,0.4787714913492798,0.4248736082550842,0.17753206999404586
481,compsvo69a,box,table,0.37977681211315095,0.3073941767215729,0.05096681732532915,0.05612485770408469,0.049245342984039465,0.18742466425027113
482,compsvo69a,table,balloon,0.4763467877153745,0.6299411654472351,0.050973584614712034,0.06316598255638889,0.05522511641747078,0.09726883123035195
483,compsvo69a,table,box,0.3121775023712212,0.3275781273841858,0.03783571988594656,0.051585061988234655,0.03692491912448652,0.05681339534647355
484,compsvo78,box,box (1),0.3816972920857675,0.2377227991819381,0.04419080365433952,0.05090708949462533,0.04428508528040954,0.19160403060213005
485,compsvo78,box,table,0.3696560777457885,0.27772197127342224,0.05290400697771178,0.0579282880381673,0.05147287138996004,0.17811791637235608
486,compsvo78,box (1),box,0.3333478912942921,0.5745726227760315,0.0399061167747902,0.0458586070444468,0.03980896469801442,0.16725661394569422
487,compsvo78,box (1),table,0.3690925326876373,0.6442638635635376,0.1395157618321978,0.0978724711776573,0.07726937038522548,0.22977746859390985
488,compsvo78,table,box,0.3081553125941329,0.7403600215911865,0.03917125159328544,0.05348853560734285,0.03854025783316966,0.05571416232854659
489,compsvo78,table,box (1),0.32024727955575744,-0.10390406847000122,0.03690306627866653,0.05547382749249101,0.03919967071341373,0.06473958121127156
490,compsvo79,box,box (1),0.34050856161399623,0.6106945276260376,0.035784854404118965,0.041125345895397535,0.03518435684571944,0.17024192646936076
491,compsvo79,box,table,0.3678139534510895,0.2579881548881531,0.048062260515170485,0.05394850201966176,0.04709704123549892,0.1817105507436762
492,compsvo79,box (1),box,0.3187525381854459,0.6968774795532227,0.034395212440573836,0.03955398749045228,0.033770154370417416,0.1598780369411211
493,compsvo79,box (1),table,0.3691692985932552,0.6442468166351318,0.13954690208336548,0.09791827273565157,0.07730547740178184,0.22984442414566256
494,compsvo79,table,box,0.3111376727174033,0.3242000639438629,0.03753964275085897,0.05120174939646895,0.036598422817822066,0.056773199589637655
495,compsvo79,table,box (1),0.3202453882111893,-0.1038459837436676,0.036906796281328605,0.05547449987495593,0.03920093398475007,0.06473932911643222
496,compsvo89,box,box (1),0.16607034956386107,0.7079760432243347,0.19706505406978814,0.01193441654058533,0.009746413154027836,0.07197913244517677
497,compsvo89,box,table,0.3696560777457885,0.27772197127342224,0.05290400697771178,0.0579282880381673,0.05147287138996004,0.17811791637235608
498,compsvo89,box (1),box,0.15406214981014438,1.046472191810608,0.17656836220900465,0.011376349088075178,0.009321745193771226,0.06715468826707732
499,compsvo89,box (1),table,0.34475035174029106,0.3994639813899994,0.04098083702911265,0.049094760794008666,0.04110605721822098,0.1746067619221316
500,compsvo89,table,box,0.3081553125941329,0.7403600215911865,0.03917125159328544,0.05348853560734285,0.03854025783316966,0.05571416232854659
501,compsvo89,table,box (1),0.2919312700023102,0.4549366533756256,0.03343587094735548,0.04627551922396672,0.032469223934432835,0.05576781166629262
502,compsvu15,balloon,book,0.26666804681870165,-0.028911430388689038,0.02523335148034424,0.02067133476896048,0.03092368046009641,0.054455820857568976
503,compsvu15,balloon,table,0.2683506172725783,-0.07871371507644652,0.02538241197066089,0.0476173413511283,0.03376775581973824,0.044749722555961456
504,compsvu15,book,balloon,0.4348737078928277,1.0084518194198608,0.3766087517492481,0.9999999999999998,0.3782668550528779,0.11236350324619405
505,compsvu15,book,table,0.19753035129262347,0.009745150804519652,0.021227155594913102,0.0372469445176163,0.026950693339374814,0.04007765450775858
506,compsvu15,table,balloon,0.5628901785835868,0.9316906332969666,0.5729405271212704,0.4774552949023809,0.4727505004400915,0.20241946233896238
507,compsvu15,table,book,0.5798478572699582,0.7403129339218141,0.5119796130267215,0.05539737419580934,0.35393102986318353,0.16728220094164187
508,compsvu16,balloon,book,0.2890847222857691,-0.10921941697597504,0.03142819141791989,0.044823208139865234,0.03095059280135775,0.05187996961250036
509,compsvu16,balloon,table,0.2683506172725783,-0.07871371507644652,0.02538241197066089,0.0476173413511283,0.03376775581973824,0.044749722555961456
510,compsvu16,book,balloon,0.5670478123322765,0.6697254776954651,0.5028776430029225,0.4903469464879606,0.4536559244662003,0.1369346091095447
511,compsvu16,book,table,0.18784481630645647,0.0158158577978611,0.019862848657778667,0.03468389692353021,0.02534438699556196,0.03986338675359145
512,compsvu16,table,balloon,0.5628901752323072,0.9316908717155457,0.5729405279964112,0.4774552929054959,0.4727504925848109,0.2024194600386747
513,compsvu16,table,book,0.5027989881676388,0.5051118731498718,0.458718786909224,0.05081662310069133,0.3338236813346297,0.15781193127457527
514,compsvu17,box,box (1),0.4280923025194634,0.2462444454431533,0.04597988068108055,0.053259367008921504,0.04723450687573564,0.20337550249538533
515,compsvu17,box,table,0.29846246608793964,0.7193058729171753,0.15247686407486646,0.09369943127458097,0.07242835940311736,0.18685897681101363
516,compsvu17,box (1),box,0.4072499776086543,0.2202882319688797,0.04574285087383653,0.0529883091855271,0.04714177432207195,0.19678964011714298
517,compsvu17,box (1),table,0.4024001445571981,1.0074526071548462,0.04846383829394197,0.07092136417029904,0.05719931758137733,0.22016525088883512
518,compsvu17,table,box,0.3260281907903063,-0.16448929905891418,0.03502570630558327,0.05513212890794136,0.03695750548916905,0.06666920855526717
519,compsvu17,table,box (1),0.31306353721786906,0.7219539284706116,0.03698842148020781,0.05141502685730933,0.03628651792807959,0.060120851523766325
520,compsvu23,box,pear,0.3116154211342818,0.16137507557868958,0.03841287399928243,0.05322697442262235,0.03859542653894574,0.16626136339525494
521,compsvu23,box,table,0.23067084919109265,0.02013181522488594,0.02472097649444875,0.04371872395650296,0.0317757992714064,0.1320351310901802
522,compsvu23,box,book,0.553232141206599,0.4655198454856873,0.42850350202278464,0.05656885879619961,0.3365602177539828,0.17618399660062517
523,compsvu23,pear,box,0.3806464065567876,0.2765866816043854,0.053751066851509814,0.06080240032735081,0.055571148336686915,0.06936197829666631
524,compsvu23,pear,table,0.21389124268182816,0.02013181522488594,0.022426608616754502,0.040146484151399854,0.028760577074247742,0.03987096235788539
525,compsvu23,pear,book,0.534652655801,0.3376869857311249,0.49283389005494,0.4743621734444173,0.4107873400606749,0.13669452080862363
526,compsvu23,table,box,0.5775850189062024,0.7514113783836365,0.5055474994219605,0.05563034476435965,0.3500826258517909,0.16464391346858234
527,compsvu23,table,pear,0.5107096099215079,0.6417543888092041,0.4647665803124923,0.05143811658018252,0.3378595531755453,0.158787819610257
528,compsvu23,table,book,0.5369189092633941,0.825602650642395,0.5575143584349692,0.4743802593483586,0.4466865084118785,0.20397887847146567
529,compsvu23,book,box,0.23381700067583794,-0.048777084797620766,0.024884287272045696,0.04483179420209942,0.03093402349424438,0.04743736990210223
530,compsvu23,book,pear,0.280822187183806,-0.1252470761537552,0.03240914550781167,0.04854254147479385,0.033158400550199495,0.05179747711761592
531,compsvu23,book,table,0.2305076536421185,-0.1523427516222,0.023227743278713055,0.04209870751355019,0.02997271995216593,0.04175400854641967
532,compsvu25,book (1),cube,0.36552231615643627,0.1187206655740738,0.04616512202167335,0.06274387088121898,0.055460054768395335,0.07478396906400858
533,compsvu25,book (1),book,0.3492947926726375,0.06438423693180084,0.10900140729350744,0.08094569260805995,0.062381840342669186,0.06662828732427085
534,compsvu25,book (1),table,0.2319000297566905,0.02013181522488594,0.02458904553824753,0.04493843994211109,0.03165521252168939,0.04095800804448094
535,compsvu25,cube,book (1),0.4528017410438173,0.5693395733833313,0.0419562092434486,0.07777946592204947,0.06075383297691715,0.08088196822578678
536,compsvu25,cube,book,0.2523178636287278,0.4415072798728943,0.12079779578673044,0.0224916706695566,0.04805629216002148,0.04647648142371961
537,compsvu25,cube,table,0.23289116586619585,0.02013181522488594,0.02518992157187389,0.043984789874312064,0.03354134890392657,0.043955482635231385
538,compsvu25,book,book (1),0.3301412977255344,0.21878284215927124,0.035017711314619074,0.0705940888142525,0.051954246002155716,0.06269872712372376
539,compsvu25,book,cube,0.3145828431271178,-0.0639142394065857,0.03315925471722557,0.028345026450080014,0.04337978644073738,0.06502506428382383
540,compsvu25,book,table,0.22413222378590794,0.02013181522488594,0.023946635953986318,0.043006906324494686,0.030564252337337845,0.04071515974996654
541,compsvu25,table,book (1),0.5831073389112417,0.6411382555961609,0.5224303362818643,0.05518096757967489,0.35682210022074873,0.17006187450198113
542,compsvu25,table,cube,0.5552497094604951,0.4495314061641693,0.431467384745878,0.05756612793652782,0.2772422820029333,0.13979237667089983
543,compsvu25,table,book,0.5751004440751668,0.5900328159332275,0.5222499872750148,0.054547748574158485,0.35705040882220285,0.1707870896445578
544,compsvu25a,box,balloon,0.3665267030255706,0.7093197703361511,0.5470973682662191,0.474961199407819,0.3879058515674863,0.13752466082408074
545,compsvu25a,box,table,0.3181925388303347,1.1594767570495603,0.031893291457273584,0.042560582783663294,0.033250581346159505,0.16293138939485322
546,compsvu25a,balloon,box,0.22440607443353125,-0.4356136620044708,0.02041809839522077,0.02575379089190951,0.01786824947466844,0.04349553720123989
547,compsvu25a,balloon,table,0.259147785156382,-0.07373176515102386,0.02423156661643784,0.045368899479898216,0.03247660453845587,0.044652138380954394
548,compsvu25a,table,box,0.25223096209047663,0.8883825540542603,0.02713908277626172,0.03838684485540587,0.026216620097279347,0.05327796440506406
549,compsvu25a,table,balloon,0.5228820024624456,0.97275972366333,0.5442022107009705,0.4674219073405154,0.4517425129529658,0.20141182877705316
550,compsvu34,book (1),picture,0.19728780745804286,-0.05797305330634118,0.020427014360094947,0.01833065155421649,0.02648269360563666,0.043886726529643566
551,compsvu34,book (1),table,0.2276433130116607,0.013781482353806496,0.02369464321257962,0.043572690272111,0.030808199194325238,0.04096231195029119
552,compsvu34,picture,book (1),0.4727423640452242,0.6518010497093201,0.34879103999214184,0.03635746251701015,0.04793229454011955,0.11233797887652756
553,compsvu34,picture,table,0.2111988534927164,0.01981399953365326,0.022777264393366844,0.03817454576966271,0.030200468266074868,0.045458167672613736
554,compsvu34,table,book (1),0.5211118365873126,0.8573267459869385,0.5104155652257893,0.4610052341730851,0.4025856090991916,0.17743161663031018
555,compsvu34,table,picture,0.5692489682833141,0.5278667807579039,0.5055092238698504,0.055466277344746594,0.3428858067851669,0.161173235097689
556,compsvu53,box,book,0.5907487948857209,0.8438930511474609,0.499564527998932,0.4817710117011358,0.4651467370535054,0.18430741662248187
557,compsvu53,box,table,0.29846214293802625,0.719305694103241,0.15247792338581811,0.0936993159547816,0.07242816790279923,0.18685885836996974
558,compsvu53,book,box,0.2943682187946071,-0.007483264431357385,0.02946345764129308,0.04903733662675038,0.034768496032688306,0.05412517393895961
559,compsvu53,book,table,0.2002958727301594,0.02013181522488594,0.02136327038840071,0.03704285126243506,0.027395334744506183,0.04143155325639266
560,compsvu53,table,box,0.3260281842037909,-0.16448910534381864,0.035025718243928125,0.05513213142653104,0.03695750966335036,0.06666920761639873
561,compsvu53,table,book,0.5407008970786928,0.5961111783981323,0.4905051129255734,0.05344610440143489,0.3419310124484449,0.1619123835164085
562,compsvu56,box,balloon,0.5157751472387697,0.9120272994041444,0.4037172453673039,0.4539443422201048,0.4471796618067387,0.17558403837341652
563,compsvu56,box,table,0.3181925388303347,1.1594767570495603,0.031893291457273584,0.042560582783663294,0.033250581346159505,0.16293138939485322
564,compsvu56,balloon,box,0.2822308938262711,-0.2704106867313385,0.02583826969742058,0.039545088861337716,0.028735819866396818,0.05172768407637013
565,compsvu56,balloon,table,0.2865235473077576,-0.30744171142578125,0.03140086092068513,0.04473645518369106,0.030164117442600294,0.05148322405023264
566,compsvu56,table,box,0.25223096209047663,0.8883825540542603,0.02713908277626172,0.03838684485540587,0.026216620097279347,0.05327796440506406
567,compsvu56,table,balloon,0.5557450850405884,0.6101118326187134,0.4319669521263186,0.4941313574221498,0.4529934631288674,0.13420451369814265
568,compsvu63,box,book,0.5509373523587149,0.5752915740013123,0.5055893336906354,0.4843144395188657,0.4430879637001768,0.17913536639957284
569,compsvu63,box,table,0.2984624659676534,0.7193058729171753,0.15247686773559355,0.09369943145831733,0.07242835980799787,0.1868589770183438
570,compsvu63,book,box,0.2853994281100263,-0.06656341254711151,0.03121508972975745,0.04526054171073789,0.031285006543513794,0.05210755224690834
571,compsvu63,book,table,0.1926824472720728,0.011743689887225628,0.02057659687346447,0.03572059061763235,0.026219186671040912,0.04030650370240327
572,compsvu63,table,box,0.3260281831549661,-0.16448907554149628,0.035025720144847464,0.05513213182754937,0.036957510327991834,0.06666920746690136
573,compsvu63,table,book,0.5358015920822382,0.5824183225631714,0.4847188889817717,0.05330075574658171,0.3392949464283572,0.16006305745604188
574,compsvu67,box,balloon,0.5272789894748129,0.9813511967658995,0.4526778944314918,0.5049973676342528,0.4588254134088058,0.1721098231611877
575,compsvu67,box,table,0.3181925388303347,1.1594767570495603,0.031893291457273584,0.042560582783663294,0.033250581346159505,0.16293138939485322
576,compsvu67,balloon,box,0.2793693538822519,-0.032601334154605865,0.028168148287119086,0.038228057113147584,0.027034545769720832,0.05074011505018203
577,compsvu67,balloon,table,0.25997988468627825,-0.3424780070781708,0.02577363588540776,0.034820499458832324,0.023774284853278538,0.04837306752088176
578,compsvu67,table,box,0.25223096209047663,0.8883825540542603,0.02713908277626172,0.03838684485540587,0.026216620097279347,0.05327796440506406
579,compsvu67,table,balloon,0.4631107897868933,0.7293341755867004,0.40366526075681497,0.4902273086917367,0.4377816941571225,0.11721854373268345
580,compsvu67a,box,balloon,0.13688127013058154,0.5944888591766357,0.28268673077101725,0.37456869946394783,0.20026163037262812,0.05017087390396107
581,compsvu67a,box,table,0.3181925388303347,1.1594767570495603,0.031893291457273584,0.042560582783663294,0.033250581346159505,0.16293138939485322
582,compsvu67a,balloon,box,0.10220845738008112,-0.8942487239837646,0.13840195144806136,0.007191809646660876,0.005195730011269354,0.023302750327483364
583,compsvu67a,balloon,table,0.2903660282811443,-0.2880805432796478,0.03253375769366938,0.04680387052411922,0.03154114749396838,0.05192508173146698
584,compsvu67a,table,box,0.25223096209047663,0.8883825540542603,0.02713908277626172,0.03838684485540587,0.026216620097279347,0.05327796440506406
585,compsvu67a,table,balloon,0.5735481928435178,0.6665746569633484,0.4621601362050578,0.5017822199879277,0.4556601362802386,0.1403766620963635
586,compsvul,lamp,pencil,0.28289808100128666,0.02013181522488594,0.03248014703939644,0.04794315361142143,0.03568965009926564,0.062447437767159754
587,compsvul,lamp,bowl,0.31120781099116923,0.02013181522488594,0.037413857174093734,0.053541785473960816,0.04088258069899476,0.06556401766327837
588,compsvul,lamp,table,0.23484441308165,0.02013181522488594,0.02442878997647466,0.048243093753520094,0.03219607822318376,0.040684572483394875
589,compsvul,pencil,lamp,0.2400923503043011,0.05604430288076402,0.09369445447493548,0.05562544143736234,0.04433853008046133,0.004020828283165014
590,compsvul,pencil,bowl,0.3610527191150504,0.02013181522488594,0.04760519403487797,0.057358836066768275,0.0525830650836412,0.06892111424221269
591,compsvul,pencil,table,0.2266855798777276,0.02013181522488594,0.02378208555970861,0.04336042654764833,0.03065973351902815,0.0404526506943358
592,compsvul,bowl,lamp,0.3633926859765412,0.4918161630630493,0.13802065920382767,0.1062072376959054,0.08205228410115653,0.15788474647481954
593,compsvul,bowl,pencil,0.4450740890729336,0.15078820288181305,0.04237368273794535,0.05648730908080553,0.04696467807900148,0.193314733716446
594,compsvul,bowl,table,0.2182365311187544,0.02013181522488594,0.023098172060161185,0.04136538890159162,0.029507599209546174,0.12463519630108413
595,compsvul,table,lamp,0.4693254533329735,0.2816660404205322,0.043262121586688435,0.061656180655599524,0.049891993581352816,0.002954039205059112
596,compsvul,table,pencil,0.5433435466241078,0.7445026636123657,0.5371183381053511,0.4696593240522636,0.4328442803321048,0.1916772202453022
597,compsvul,table,bowl,0.5426833694801357,0.6351089477539062,0.4949758835011532,0.05311502946411676,0.3483018248814731,0.1653082236053003
598,compsvula,lamp,pencil,0.285227770631857,0.02013181522488594,0.032696082045041916,0.04840714763104575,0.03599632952943014,0.06256594437736258
599,compsvula,lamp,bowl,0.3138354062539152,-0.03487713634967804,0.03664623795092881,0.045056399373749424,0.03454146931238341,0.05833182498266381
600,compsvula,lamp,table,0.2350816052253608,0.02013181522488594,0.02445121198643696,0.048312076992292674,0.032235861273788115,0.04069268838738796
601,compsvula,pencil,lamp,0.23951788626950835,0.04002619534730911,0.09355910269397398,0.05542566765682136,0.04418860060252471,0.0040169189888734445
602,compsvula,pencil,bowl,0.3775650345796521,0.4201758801937103,0.04295108975200345,0.04887874596668944,0.04367991217622577,0.06825640414804554
603,compsvula,pencil,table,0.2269565515782059,0.02013181522488594,0.02378880320664329,0.04357249615765448,0.030723957410696275,0.04030123865200441
604,compsvula,bowl,lamp,0.3843996334818616,0.20614933967590326,0.04403128761987378,0.05144437183643228,0.04558103588747201,0.13220387450234491
605,compsvula,bowl,pencil,0.4699908252598559,0.21076107025146484,0.038784769850451865,0.048009356638587526,0.03954285257403568,0.21188227318228653
606,compsvula,bowl,table,0.21846610335120945,0.02013181522488594,0.023100126002799145,0.041412162129092135,0.029543436520605443,0.12473273511445084
607,compsvula,table,lamp,0.4693253703109803,0.28167539834976196,0.04326224837010234,0.061656199480128286,0.049892038431034985,0.002954037416105457
608,compsvula,table,pencil,0.5433619458291007,0.7451048493385315,0.5371209719434544,0.4696693848074688,0.4328752036384533,0.19168687285250377
609,compsvula,table,bowl,0.5407918796828995,0.6154252290725708,0.4942968852972918,0.052919656444551925,0.34844619015968953,0.165587767029347
610,compsvinew2,shelf,mug,0.4011706873453893,0.318438321352005,0.033480714068726734,0.05120274309620454,0.03900489709577528,0.1021708569064053
611,compsvinew2,shelf,table,0.2172667243531018,0.016258591786026955,0.022816343886990158,0.0409271938179779,0.029197345382090505,0.04102555298013305
612,compsvinew2,shelf,box,0.2798906809090367,-0.107560932636261,0.0299413654321316,0.04888836726511088,0.032082244789837365,0.059031838106589005
613,compsvinew2,mug,shelf,0.23191328965308305,0.053075984120368964,0.10718417167110587,0.059053914623155276,0.04613132248629998,0.13246833644667796
614,compsvinew2,table,shelf,0.5180147495789059,0.6955962777137756,0.5217595818514535,0.4587913283023513,0.40793710180938175,0.18374483831278474
615,compsvinew2,box,shelf,0.2712806787763655,0.6037198305130005,0.16465083555721802,0.0792616327587375,0.06287283816791811,0.1639300454041037
